article,referrer
https://ethresear.ch/t/pepc-dvt-pepc-with-no-changes-to-the-consensus-protocol/16514,https://www.twitter.com/freddmannen
https://ethresear.ch/t/three-dichotomies-in-epbs/16267,https://www.twitter.com/freddmannen
https://ethresear.ch/t/shared-sequencer-for-mev-protection-and-profitable-marketplace/15313,https://www.twitter.com/freddmannen
https://ethresear.ch/t/burning-mev-through-block-proposer-auctions/14029,https://www.twitter.com/freddmannen
https://ethresear.ch/t/single-slot-pbs-using-attesters-as-distributed-availability-oracle/11877,https://www.twitter.com/freddmannen
https://ethresear.ch/t/two-slot-proposer-builder-separation/10980,https://www.twitter.com/freddmannen
https://ethresear.ch/t/timing-games-in-proof-of-stake/13980,https://www.twitter.com/freddmannen
https://ethresear.ch/t/latency-arms-race-concerns-in-blockspace-markets/14957,https://www.twitter.com/freddmannen
https://ethresear.ch/t/unbundling-pbs-towards-protocol-enforced-proposer-commitments-pepc/13879,https://www.twitter.com/freddmannen
https://ethresear.ch/t/equivocation-attacks-in-mev-boost-and-epbs/15338,https://www.twitter.com/freddmannen
https://ethresear.ch/t/why-enshrine-proposer-builder-separation-a-viable-path-to-epbs/15710,https://www.twitter.com/freddmannen
https://ethresear.ch/t/increase-the-max-effective-balance-a-modest-proposal/15801,https://www.twitter.com/freddmannen
https://ethresear.ch/t/payload-timeliness-committee-ptc-an-epbs-design/16054,https://www.twitter.com/freddmannen
https://ethresear.ch/t/relays-in-a-post-epbs-world/16278,https://www.twitter.com/freddmannen
https://ethresear.ch/t/bid-cancellations-considered-harmful/15500,https://www.twitter.com/freddmannen
https://ethresear.ch/t/slashing-penalty-analysis-eip-7251/16509,https://www.twitter.com/freddmannen
https://ethresear.ch/t/no-free-lunch-a-new-inclusion-list-design/16389,https://www.twitter.com/freddmannen
https://ethresear.ch/t/cumulative-non-expiring-inclusion-lists/16520,https://www.twitter.com/freddmannen
https://ethresear.ch/t/estimating-inclusion-delays-for-censored-transactions/15115,https://www.twitter.com/freddmannen
https://ethresear.ch/t/game-theoretic-model-for-mev-boost-auctions-mma/16206,https://www.twitter.com/freddmannen
https://ethresear.ch/t/empirical-analysis-of-builders-behavioral-profiles-bbps/16327,https://www.twitter.com/freddmannen
https://drive.google.com/file/d/1M5Y_Dc52O3QTFerEkIRErl4_6ywDB4iq/view,https://www.twitter.com/freddmannen
https://drive.google.com/file/d/1mLrlYTy6SLPVg4by-PJ9wqEuFZJOjhG4/preview,https://www.twitter.com/freddmannen
https://mirror.xyz/ratedw3b.eth/xltDyY32_xQyDiHHphj230kc0iEQL43Pwb7b6t_fzWQ,https://www.twitter.com/freddmannen
https://notes.ethereum.org/@RMFhKOrSSEWxmqjZMOT1Ag/rJb_cq8Co,https://www.twitter.com/freddmannen
https://initc3org.medium.com/prof-fair-transaction-ordering-in-a-profit-seeking-world-b6dadd71f086,https://www.twitter.com/freddmannen
https://davidecrapis.notion.site/Rollups-are-Real-Rollup-Economics-2-0-2516079f62a745b598133a101ba5a3de,https://www.twitter.com/freddmannen
https://succulent-throat-0ce.notion.site/Block-Builder-Decentralization-is-coming-but-maybe-not-so-soon-6e54e7d7e1d34d61af55e5d98a51eb8b,https://www.twitter.com/freddmannen
https://succulent-throat-0ce.notion.site/MEV-Driven-Centralization-in-Ethereum-Part-2-by-Simon-Brown-Dec-2022-Medium-507efc380b454791b362dddc7e2e066c,https://www.twitter.com/freddmannen
https://verilog-solutions.notion.site/The-MEV-Conundrum-6d66001b150148739be14d73a8836903,https://www.twitter.com/freddmannen
https://efdn.notion.site/PEPC-FAQ-0787ba2f77e14efba771ff2d903d67e4,https://www.twitter.com/freddmannen
https://blog.metrika.co/relays-are-a-latency-game-303aadb393ce,https://www.twitter.com/freddmannen
https://archetype.mirror.xyz/McPqaV9WVyHhky1AAgGyS6DsZ8O0_OIBtED34sWpcUw,https://www.twitter.com/freddmannen
https://www.galaxy.com/insights/research/mev-the-rise-of-the-builders/,https://www.twitter.com/freddmannen
https://medium.com/@Prestwich/mev-c417d9a5eb3d,https://www.twitter.com/freddmannen
https://medium.com/@Prestwich/mev-the-next-five-years-63f84fffdf36,https://www.twitter.com/freddmannen
https://collective.flashbots.net/t/decentralized-crypto-needs-you-to-be-a-geographical-decentralization-maxi/1385,
https://vitalik.ca/general/2017/06/22/marketmakers.html,
https://writings.flashbots.net/order-flow-auctions-and-centralisation,https://www.twitter.com/unlock_VALue
https://vitalik.ca/general/2021/12/06/endgame.html,https://www.twitter.com/unlock_VALue
https://vitalik.ca/general/2021/05/23/scaling.html,https://www.twitter.com/unlock_VALue
https://medium.com/flashbots/frontrunning-the-mev-crisis-40629a613752,https://www.twitter.com/unlock_VALue
https://writings.flashbots.net/the-cost-of-resilience,https://www.twitter.com/unlock_VALue
https://writings.flashbots.net/the-future-of-mev-is-suave,https://www.twitter.com/unlock_VALue
https://simbro.medium.com/mev-driven-centralization-in-ethereum-ec829a214f18,https://www.twitter.com/unlock_VALue
https://writings.flashbots.net/geth-inside-sgx,https://www.twitter.com/unlock_VALue
https://collective.flashbots.net/t/quantifying-info-i-quantifying-the-information-leakage-of-computing-on-encrypted-transactions/1752,https://www.twitter.com/unlock_VALue
https://writings.flashbots.net/fcfs-and-front-running,https://www.twitter.com/unlock_VALue
https://frontier.tech/ethereums-blockspace-future,https://www.twitter.com/barnabemonnot
https://frontier.tech/a-tale-of-two-arbitrages,https://www.twitter.com/unlock_VALue
https://frontier.tech/builder-dominance-and-searcher-dependence,https://www.twitter.com/unlock_VALue
https://frontier.tech/the-next-steps-in-dex-design,https://www.twitter.com/unlock_VALue
https://frontier.tech/exploration-of-mev-latencies,https://www.twitter.com/unlock_VALue
https://frontier.tech/optimistic-relays-and-where-to-find-them,https://www.twitter.com/unlock_VALue
https://frontier.tech/the-nft-mev-landscape,https://www.twitter.com/unlock_VALue
https://frontier.tech/the-orderflow-auction-design-space,https://www.twitter.com/unlock_VALue
https://frontier.tech/beyond-extraction,https://www.twitter.com/unlock_VALue
https://frontier.tech/unpacking-erc-4337,https://www.twitter.com/unlock_VALue
https://collective.flashbots.net/t/mev-share-programmably-private-orderflow-to-share-mev-with-users/1264/1,https://www.twitter.com/unlock_VALue
https://collective.flashbots.net/t/the-dream-of-redistributing-the-extracted-value/642,https://www.twitter.com/unlock_VALue
https://collective.flashbots.net/t/bookmarks-relevant-for-redistribution-researchers/663/35,https://www.twitter.com/unlock_VALue
https://collective.flashbots.net/t/bookmarks-relevant-for-redistribution-researchers/663,https://www.twitter.com/unlock_VALue
https://notes.ethereum.org/@fradamt/forward-inclusion-lists,https://www.twitter.com/unlock_VALue
https://notes.ethereum.org/@yoav/unified-erc-4337-mempool,https://www.twitter.com/unlock_VALue
https://mirror.xyz/0x03c29504CEcCa30B93FF5774183a1358D41fbeB1/WKa3GFC03uY34d2MufTyD0c595xVRUEZi9RNG-dHNKs,https://www.twitter.com/unlock_VALue
https://collective.flashbots.net/t/bookmarks-relevant-for-proposer-builder-separation-pbs-researchers/1319,https://www.twitter.com/unlock_VALue
https://notes.ethereum.org/@domothy/pbs_links,https://www.twitter.com/unlock_VALue
https://weka.medium.com/a-beginners-guide-to-buying-an-ens-domain-3ccac2bdc770,https://www.twitter.com/unlock_VALue
https://collective.flashbots.net/t/post-mortem-april-3rd-2023-mev-boost-relay-incident-and-related-timing-issue/1540,https://www.twitter.com/unlock_VALue
https://collective.flashbots.net/t/ideas-for-incentivizing-relays/586/4,https://www.twitter.com/unlock_VALue
https://notes.ethereum.org/@vbuterin/pbs_censorship_resistance,https://www.twitter.com/unlock_VALue
https://efdn.notion.site/Robust-Incentives-Group-homepage-802339956f2745a5964d8461c5ccef02,https://www.twitter.com/unlock_VALue
https://writings.flashbots.net/frp-year-in-review,https://www.twitter.com/unlock_VALue
https://www.flashbots.net/mev-sbc-workshop,https://www.twitter.com/unlock_VALue
https://thedefiant.io/worldcoin-ai-privacy-orb,https://www.twitter.com/unlock_VALue
https://medium.com/@nashqueue/redefining-sequencers-understanding-the-aggregator-and-the-header-producer-76ee198dd4,https://www.twitter.com/unlock_VALue
https://writings.flashbots.net/backrunning-private-txs-MPC,https://www.twitter.com/unlock_VALue
https://www.iexexchange.io/technology,https://www.twitter.com/unlock_VALue
https://writings.flashbots.net/mevm-suave-centauri-and-beyond,https://www.twitter.com/unlock_VALue
https://medium.com/gauntlet-networks/risk-management-case-study-agora-metis-9a304ce46de0,https://www.twitter.com/unlock_VALue
https://mirror.xyz/0x00000a2A02540A0D92e209F9f5F7e104745e06Ba/hB-XeiOfkV5neiwX34lBD0uLHlWdefbGX6oBz1B4o7w,https://www.twitter.com/unlock_VALue
https://vitalik.ca/general/2023/05/21/dont_overload.html,https://www.twitter.com/unlock_VALue
https://drive.google.com/file/d/1qxJJf2Jsz3LJ3l__x4GVNBui6TvfJoYh/view,https://www.twitter.com/unlock_VALue
https://vitalik.ca/general/2020/09/11/coordination.html,https://www.twitter.com/unlock_VALue
https://medium.com/@virgilgr/ethereum-is-game-changing-technology-literally-d67e01a01cf8,https://www.twitter.com/unlock_VALue
https://collective.flashbots.net/t/frp-23-constant-function-market-making-social-welfare-and-maximal-extractable-value/752,https://www.twitter.com/unlock_VALue
https://medium.com/@VitalikButerin/why-cryptoeconomics-and-x-risk-researchers-should-listen-to-each-other-more-a2db72b3e86b,https://www.twitter.com/unlock_VALue
https://collective.flashbots.net/t/frp-26-credible-commitments-via-open-games/1616,https://www.twitter.com/unlock_VALue
https://collective.flashbots.net/t/frp-28-contingent-fees-in-order-flow-auctions/1594,https://www.twitter.com/unlock_VALue
https://pmcgoohan.medium.com/mev-do-this-beb2754bca63,https://www.twitter.com/unlock_VALue
https://medium.com/starkware/presenting-veedo-e4bbff77c7ae,https://www.twitter.com/unlock_VALue
https://blog.uniswap.org/uniswapx-protocol,https://www.twitter.com/unlock_VALue
https://collective.flashbots.net/t/will-the-real-mev-please-stand-up/1686,https://www.twitter.com/unlock_VALue
https://openreview.net/forum?id=9i7Sf1aRYq,https://www.twitter.com/unlock_VALue
https://mirror.xyz/0x03c29504CEcCa30B93FF5774183a1358D41fbeB1/CPYI91s98cp9zKFkanKs_qotYzw09kWvouaAa9GXBrQ,https://www.twitter.com/unlock_VALue
https://medium.com/summa-technology/summa-auction-bitcoin-technical-7344096498f2,https://www.twitter.com/unlock_VALue
https://www.iex.io/article/new-d-limit-functionality-new-d-limit-optionality,https://www.twitter.com/unlock_VALue
https://morpho.mirror.xyz/F652srnxjv4qsIEHLUrDwOvrYgXU8p0io2cNogb2BJY,https://www.twitter.com/unlock_VALue
https://writings.flashbots.net/order-flow-auctions-and-centralisation-II,https://www.twitter.com/unlock_VALue
https://crocswap.medium.com/discrimination-of-toxic-flow-in-uniswap-v3-part-1-fb5b6e01398b,https://www.twitter.com/unlock_VALue
https://crocswap.medium.com/discrimination-of-toxic-flow-in-uniswap-v3-part-2-21d84aaa33f5,https://www.twitter.com/unlock_VALue
https://crocswap.medium.com/discrimination-of-toxic-flow-in-uniswap-v3-part-3-4afb386311c0,https://www.twitter.com/unlock_VALue
https://crocswap.medium.com/discrimination-of-toxic-flow-in-uniswap-v3-part-4-c09656ec016e,https://www.twitter.com/unlock_VALue
https://collective.flashbots.net/t/flashbots-transparency-report-suave-centauri-mev-share-ctf-and-pbs-guild/2264,https://www.twitter.com/unlock_VALue
https://flashbots.notion.site/Batching-Bidding-and-Latency-db23db03ca4745df9409289283cd4d1b,https://www.twitter.com/unlock_VALue
https://blog.uniswap.org/v4-twamm-hook,https://www.twitter.com/unlock_VALue
https://nftperp.notion.site/Protocol-Mechanism-nftperp-V2-8e4cb30f08b94aa2a576097a5008df24,https://www.twitter.com/unlock_VALue
https://medium.com/wintermute-trading/wintermute-defi-governance-digest-september-2023-week-1-cb4fc6c24db2,https://www.twitter.com/unlock_VALue
https://www.iex.io/article/why-exchange-rebate-tiers-are-anti-competitive,https://www.twitter.com/unlock_VALue
https://www.iex.io/article/the-rising-tide-of-broker-costs-and-the-shrinking-pool-of-competitors,https://www.twitter.com/unlock_VALue
https://www.iex.io/article/the-comment-letters-are-in-heres-what-they-actually-say,https://www.twitter.com/unlock_VALue
https://www.iex.io/article/the-sec-plan-to-light-up-better-prices-lots-still-to-do,https://www.twitter.com/unlock_VALue
https://www.iex.io/article/iex-exchanges-position-on-the-secs-proposed-changes-to-regulation-nms,https://www.twitter.com/unlock_VALue
https://www.iex.io/article/exploring-the-impact-of-signal-v6-on-d-peg-and-p-peg-performance,https://www.twitter.com/unlock_VALue
https://www.iex.io/article/updating-the-signal-for-todays-markets,https://www.twitter.com/unlock_VALue
https://www.iex.io/article/flash-boys-exchange-iex-ramps-up-effort-to-cater-to-reddit-retail-crowd-forms-broker-commuttee-to-improve-stock-market-structure,https://www.twitter.com/unlock_VALue
https://writings.flashbots.net/order-flow-auctions-and-centralisation-II/,https://www.twitter.com/unlock_VALue
https://www.paradigm.xyz/2020/08/ethereum-is-a-dark-forest,https://www.twitter.com/unlock_VALue
https://www.paradigm.xyz/2021/03/ethereum-blockspace-who-gets-what-and-why,https://www.twitter.com/barnabemonnot
https://www.paradigm.xyz/2023/06/intents,https://www.twitter.com/unlock_VALue
https://hackmd.io/@erayack/BJhNZ_l_h,https://www.twitter.com/unlock_VALue
https://www.paradigm.xyz/2023/04/mev-boost-ethereum-consensus,https://www.twitter.com/unlock_VALue
https://hackmd.io/@sxysun/ccdwtf,https://www.twitter.com/unlock_VALue
https://hackmd.io/@sxysun/progpriv,https://www.twitter.com/unlock_VALue
https://hackmd.io/@sxysun/suavespec,https://www.twitter.com/barnabemonnot
https://hackmd.io/@sxysun/short-note-ext,https://www.twitter.com/unlock_VALue
https://scrt.network/blog/secret-auctions-decentralized-otc-dark-pools/,https://www.twitter.com/unlock_VALue
https://ethresear.ch/t/mev-capturing-amm-mcamm/13336,https://www.twitter.com/unlock_VALue
https://jumpcrypto.com/writing/searcher-limit-order-book/,https://www.twitter.com/unlock_VALue
https://jumpcrypto.com/writing/decentralized-reinsurance-pools/,https://www.twitter.com/unlock_VALue
https://www.propellerheads.xyz/blog/mev-is-dead-long-live-mev,https://www.twitter.com/unlock_VALue
https://ethresear.ch/t/mev-burn-a-simple-design/15590,https://www.twitter.com/unlock_VALue
https://ethresear.ch/t/how-much-can-we-constrain-builders-without-bringing-back-heavy-burdens-to-proposers/13808,https://www.twitter.com/unlock_VALue
https://ethresear.ch/t/cascading-network-effects-on-ethereums-finality/15871,https://www.twitter.com/unlock_VALue
https://ethresear.ch/t/proposer-block-builder-separation-friendly-fee-market-designs/9725,https://www.twitter.com/unlock_VALue
https://ethresear.ch/t/mev-sgx-a-sealed-bid-mev-auction-design/9677/14,https://www.twitter.com/unlock_VALue
https://ethresear.ch/t/payload-timeliness-committee-ptc-an-epbs-design/16054/2,https://www.twitter.com/unlock_VALue
https://www.mechanism.org/spec/02,https://www.twitter.com/unlock_VALue
https://ethresear.ch/t/unbundling-pbs-towards-protocol-enforced-proposer-commitments-pepc/13879?u=barnabe,https://www.twitter.com/unlock_VALue
https://ethresear.ch/t/mev-auctions-will-kill-ethereum/9060,https://www.twitter.com/unlock_VALue
https://hackmd.io/@Carboclanc/H1ZvjQmAj,https://www.twitter.com/unlock_VALue
https://hackmd.io/@sxysun/hackideas,https://www.twitter.com/unlock_VALue
https://hackmd.io/@sxysun/crypto-ai,https://www.twitter.com/unlock_VALue
https://hackmd.io/@sxysun/coopaimev,https://www.twitter.com/unlock_VALue
https://www.propellerheads.xyz/blog/blockchain-and-llms,https://www.twitter.com/unlock_VALue
https://www.iex.io/article/survey-what-the-buyside-really-thinks-about-the-secs-reg-nms-proposal?utm_source=twitter&utm_medium=blog&utm_campaign=buyside_survey&utm_id=marketstructure&utm_term=exchange,https://www.twitter.com/unlock_VALue
https://ethresear.ch/t/lvr-minimization-in-uniswap-v4/15900,https://www.twitter.com/unlock_VALue
https://ethresear.ch/t/unbundling-pbs-towards-protocol-enforced-proposer-commitments-pepc/13879/4?u=barnabe,https://www.twitter.com/unlock_VALue
https://www.paradigm.xyz/2023/08/onchain-games,https://www.twitter.com/unlock_VALue
https://www.iex.io/article/breaking-down-the-sec-plan-on-exchange-fees,https://www.twitter.com/unlock_VALue
https://a16zcrypto.com/posts/article/on-the-impossibility-of-stateless-blockchains/,https://www.twitter.com/unlock_VALue
https://ethresear.ch/t/strong-builder-identity-for-combating-builder-imposter-attacks/16550,https://www.twitter.com/unlock_VALue
https://www.iosco.org/library/pubdocs/pdf/IOSCOPD744.pdf,https://www.twitter.com/freddmannen
https://research.lido.fi/t/borderless-ethereum-measuring-the-geographical-distribution-of-validators/4472,https://www.twitter.com/unlock_VALue
https://research.anoma.net/t/towards-an-intent-centric-topology-draft/214,https://www.twitter.com/barnabemonnot
https://ethresear.ch/t/shutterized-beacon-chain/12249,https://www.twitter.com/barnabemonnot
https://osmosis.zone/blog/protocol-owned-builders-the-future-of-sovereign-cosmos-mev,https://www.twitter.com/barnabemonnot
https://mirror.xyz/0xshittrader.eth/WiV8DM3I6abNMVsXf-DqioYb2NglnfjmM-zSsw2ruG8,https://twitter.com/0xTaker
https://mirror.xyz/0xshittrader.eth/c6J_PCK87K3joTWmLEtG6qVN6BFXLBZxQniReYSEjLI,https://twitter.com/0xTaker
https://mirror.xyz/0xshittrader.eth/f2VSuoZ91vAbCv82MtWM-Gosyf_DeUXfPlDx3EYV3RM,https://twitter.com/0xTaker
https://docs.google.com/presentation/d/1F0v0cnLIxJ5ZbBTmUHjoeyw23U9zDYlo/edit,https://www.twitter.com/unlock_VALue
https://insights.deribit.com/market-research/analysis-of-eip-2593-escalator/,https://www.twitter.com/unlock_VALue
https://eips.ethereum.org/EIPS/eip-2938,https://www.twitter.com/unlock_VALue
https://barnabe.substack.com/p/pbs,https://www.twitter.com/unlock_VALue
https://www.ddmckinnon.com/2022/11/27/all-is-fair-in-arb-and-mev-on-avalanche-c-chain/,https://www.twitter.com/unlock_VALue
https://hackingdistributed.com/2017/08/13/cost-of-decent/,https://twitter.com/0xTaker
https://bertcmiller.com/2021/09/05/mev-synthetix.html,https://twitter.com/0xTaker
https://noxx.substack.com/p/order-flows-kingmaker-of-the-block,https://twitter.com/0xTaker
https://noxx.substack.com/p/dex-arbitrage-mathematical-optimisations,https://twitter.com/0xTaker
https://crypto.mirror.xyz/ztCt3eXw-wCEwqBE6xCRTf-bZleezhyuW3ubxohYbBQ,https://www.twitter.com/unlock_VALue
https://taker.mirror.xyz/uYOelwkLc4K7nlo5XV_zpuqsV6MwIMMp-py4e-u4qnE,https://www.twitter.com/unlock_VALue
https://collective.flashbots.net/t/merge-anniversary-a-year-in-review/2400,https://www.twitter.com/unlock_VALue
https://mirror.xyz/0x218932707a30bE62Ef8559d32d954863933b412f/MhJM9li409wxuOSYaw5EcLjUQoLSx5iYZXZNgMZU4uM,https://www.twitter.com/unlock_VALue
https://www.steakhouse.financial/projects/stablecoin-manual,https://www.twitter.com/unlock_VALue
https://ipfs.io/ipfs/QmdtK6QQqXBkaBh7bNNKr2FTSwGSPxDMDiCnpR88LMc84d,https://www.twitter.com/unlock_VALue
https://coinmarketcap.com/alexandria/article/xangle-eip4844-and-its-impact-on-rollup-economics,https://twitter.com/Freddmannen
https://medium.com/flashbots/quantifying-mev-introducing-mev-explore-v0-5ccbee0f6d02,https://twitter.com/Freddmannen
https://ethresear.ch/t/mev-auction-auctioning-transaction-ordering-rights-as-a-solution-to-miner-extractable-value/6788,https://twitter.com/Freddmannen
https://ethresear.ch/t/spam-resistant-block-creator-selection-via-burn-auction/5851,https://twitter.com/Freddmannen
https://medium.com/@danrobinson/ethereum-is-a-dark-forest-ecc5f0505dff,https://twitter.com/Freddmannen
https://medium.com/cambrial-capital/exploring-defi-trading-strategies-arbitrage-in-defi-7736dc5dd77a,https://twitter.com/Freddmannen
https://medium.com/token-flow-insights/how-to-munch-on-pickles-from-a-whale-dinner-edb5628cc769,https://twitter.com/Freddmannen
https://medium.com/keeperdao/gas-gambits-game-theory-example-of-incentivized-collaboration-9a42e9c9b867,https://twitter.com/Freddmannen
https://medium.com/offchainlabs/mev-auctions-considered-harmful-fa72f61a40ea,https://twitter.com/Freddmannen
https://crypto.mirror.xyz/Wvzro_O92V5Z_RBfZnZUqdbYC_4X6v2YrBuy9RkZCxo,https://twitter.com/unlock_VALue
https://academic.oup.com/qje/article/130/4/1547/1916146?login=false,https://twitter.com/Freddmannen
https://signalsandthreads.com/state-machine-replication-and-why-you-should-care/,https://twitter.com/Freddmannen
https://www.binance.com/en/research/analysis/oracle-less-challenging-the-status-quo,https://twitter.com/unlock_VALue
https://www.umbraresearch.xyz/writings/ethereum-supply-chain-part-1,https://twitter.com/Freddmannen
https://blog.mangata.finance/blog/2021-10-10-themis-protocol/,https://twitter.com/uPeterKris
https://ethresear.ch/t/specing-out-forward-inclusion-list-w-dedicated-gas-limits/17115,https://twitter.com/Freddmannen
https://ethresear.ch/u/diego,https://twitter.com/Freddmannen
https://taiko.mirror.xyz/7dfMydX1FqEx9_sOvhRt3V8hJksKSIWjzhCVu7FyMZ,https://twitter.com/Freddmannen
https://mirror.xyz/0xbdA5bCe76bF62d97D9C9dF0425CC10079Df1aD75/bWOCccjVC7eoYKOzgmjXFdhWDc8rrUL6Yei-eugF52s,https://twitter.com/Freddmannen
https://www.paradigm.xyz/2020/09/escaping-the-dark-forest,https://twitter.com/0x_emperor
https://writings.flashbots.net/mev-sgx,https://twitter.com/0x_emperor
https://writings.flashbots.net/formalization-mev,https://twitter.com/0x_emperor
https://writings.flashbots.net/mev-eth2,https://twitter.com/0x_emperor
https://hackmd.io/@flashbots/MEV-1559,https://twitter.com/0x_emperor
https://ethresear.ch/t/mev-boost-merge-ready-flashbots-architecture/11177,https://twitter.com/0x_emperor
https://collective.flashbots.net/t/quantifying-total-extracted-mev-a-list-of-resources/936,https://twitter.com/0x_emperor
https://github.com/flashbots/mev-research,https://twitter.com/0x_emperor
https://writings.flashbots.net/searching-post-merge,https://twitter.com/unlock_VALue
https://writings.flashbots.net/flashbots-protect-merge-and-beyond,https://twitter.com/unlock_VALue
https://writings.flashbots.net/Flashbots-Relay-open-sourcing,https://twitter.com/unlock_VALue
https://writings.flashbots.net/understanding-mev-boost-liveness-risks,https://twitter.com/unlock_VALue
https://writings.flashbots.net/mev-boost-call-for-testing,https://twitter.com/unlock_VALue
https://writings.flashbots.net/beginners-guide-mevboost,https://twitter.com/unlock_VALue
https://writings.flashbots.net/why-run-mevboost,https://twitter.com/unlock_VALue
https://writings.flashbots.net/mev-supply-chain,https://twitter.com/unlock_VALue
https://writings.flashbots.net/speeding-up-evm-part-1,https://twitter.com/unlock_VALue
https://writings.flashbots.net/transparency-21q4,https://twitter.com/unlock_VALue
https://writings.flashbots.net/the-anatomy-of-an-inspector,https://twitter.com/unlock_VALue
https://writings.flashbots.net/on-the-most-profitable-block,https://twitter.com/unlock_VALue
https://writings.flashbots.net/cross-domain-mev,https://twitter.com/unlock_VALue
https://writings.flashbots.net/announcing-eth2-working-group,https://twitter.com/unlock_VALue
https://writings.flashbots.net/ken-griffin-mev,https://twitter.com/unlock_VALue
https://writings.flashbots.net/mev-boost,https://twitter.com/unlock_VALue
https://writings.flashbots.net/announcing-protect,https://twitter.com/unlock_VALue
https://writings.flashbots.net/transparency-july-august,https://twitter.com/unlock_VALue
https://writings.flashbots.net/design-mev-marketplaces,https://twitter.com/unlock_VALue
https://writings.flashbots.net/mev-1559,https://twitter.com/unlock_VALue
https://writings.flashbots.net/flashbots-reorgs,https://twitter.com/unlock_VALue
https://writings.flashbots.net/transparency-may-june,https://twitter.com/unlock_VALue
https://writings.flashbots.net/quantifying-rev,https://twitter.com/unlock_VALue
https://writings.flashbots.net/transparency-april,https://twitter.com/unlock_VALue
https://writings.flashbots.net/transparency-march,https://twitter.com/unlock_VALue
https://writings.flashbots.net/transparency-february,https://twitter.com/unlock_VALue
https://writings.flashbots.net/quantifying-mev,https://twitter.com/unlock_VALue
https://writings.flashbots.net/transparency-january,https://twitter.com/unlock_VALue
https://writings.flashbots.net/ethr-frontrunning-mev-crisis,https://twitter.com/unlock_VALue
https://writings.flashbots.net/frontrunning-mev-crisis,https://twitter.com/unlock_VALue
https://writings.flashbots.net/open-sourcing-flashbots-mev-share-node,https://twitter.com/unlock_VALue
https://writings.flashbots.net/searching-on-mev-share,https://twitter.com/unlock_VALue
https://writings.flashbots.net/block-building-inside-sgx,https://twitter.com/unlock_VALue
https://writings.flashbots.net/open-sourcing-the-flashbots-builder,https://twitter.com/unlock_VALue
https://writings.flashbots.net/mev-for-the-next-trillion,https://twitter.com/unlock_VALue
https://medium.com/@titania-research/mev-101-how-to-dive-into-mev-53271f888c59,https://twitter.com/unlock_VALue
https://taiko.mirror.xyz/jrb2QKnl6zEgcVciqCzSCJvm-LnDZhBi733IlJdemsY,https://www.twitter.com/unlock_VALue
https://pbsfoundation.notion.site/Learn-more-about-PBS-Foundation-68382efd786e450f937ab550ffaa4a96,https://www.twitter.com/unlock_VALue
https://ethresear.ch/t/execution-tickets/17944,https://www.twitter.com/unlock_VALue
https://dba.xyz/l1s-vs-l2s-rollups-vs-integrated-general-purpose-vs-app-specific/,https://www.twitter.com/unlock_VALue
https://dba.xyz/do-rollups-inherit-security/,https://www.twitter.com/unlock_VALue
https://dba.xyz/endgame-proof-of-governance/,https://www.twitter.com/unlock_VALue
https://dba.xyz/the-rollup-multiverse/,https://www.twitter.com/unlock_VALue
https://dba.xyz/rollups-are-l1s-l2s-a-k-a-how-rollups-actually-actually-actually-work/,https://www.twitter.com/unlock_VALue
https://dba.xyz/how-to-do-lower-case-r-research/,https://www.twitter.com/unlock_VALue
https://dba.xyz/suave-anoma-shared-sequencers-super-builders/,https://www.twitter.com/unlock_VALue
https://dba.xyz/rollups-arent-real/,https://www.twitter.com/unlock_VALue
https://dba.xyz/encrypted-mempools/,https://www.twitter.com/unlock_VALue
https://pbsfoundation.notion.site/Launching-the-PBS-Foundation-Working-Together-to-Keep-Ethereum-s-Consensus-Layer-Decentralized-4cd7cb83907248b5ae8962d10eef0b70,https://www.twitter.com/unlock_VALue
https://bcc-research.github.io/CFMMRouter.jl/dev/,https://twitter.com/OsirisDjed
https://notes.ethereum.org/@vbuterin/enshrined_zk_evm,https://www.twitter.com/unlock_VALue
https://ethresear.ch/t/mev-burn-incentivizing-earlier-bidding-in-a-simple-design/17389,https://twitter.com/Freddmannen
https://notes.ethereum.org/@anderselowsson/MinimumViableIssuance,https://twitter.com/Freddmannen
https://ethresear.ch/t/validator-smoothing-commitments/17356,https://twitter.com/Freddmannen
https://archetype.mirror.xyz/DVJFtcEcdTqk4DxC3VX4McgyjfktXF05pCG1LFtB4-E,https://twitter.com/Freddmannen
https://notes.ethereum.org/@fradamt/H1TsYRfJc,https://gist.github.com/michaelneuder/
https://notes.ethereum.org/@fradamt/H1ZqdtrBF,https://gist.github.com/michaelneuder/
https://ethresear.ch/t/fun-and-games-with-inclusion-lists/16557,https://gist.github.com/michaelneuder/
https://ethresear.ch/t/timing-games-implications-and-possible-mitigations/17612,https://ethresear.ch/u/mikeneuder
https://collective.flashbots.net/t/when-to-sell-your-blocks/2814,https://ethresear.ch/u/mikeneuder
https://mirror.xyz/0x6FA2aF9a4d6fFe654361F713780963C10412e7c3/jMBMzyDROC92wPGr8BHI5GAh0OD-hbwqzQ8PYvyoB3E,https://twitter.com/Freddmannen
https://fenbushicapital.medium.com/an-overview-of-nft-financialization-c7bcc4181f35,https://www.twitter.com/unlock_VALue
https://blog.20squares.xyz/mechanics-intent-search-ii/,https://twitter.com/unlock_VALue
https://blog.20squares.xyz/mev-cui-bono/,https://twitter.com/unlock_VALue
https://blog.20squares.xyz/lagrangian-intent-search-i/,https://twitter.com/unlock_VALue
https://vitalik.eth.limo/general/2023/12/28/cypherpunk.html,https://www.twitter.com/unlock_VALue
https://vitalik.eth.limo/general/2023/11/14/neoplasma.html,https://www.twitter.com/unlock_VALue
https://vitalik.eth.limo/general/2023/10/31/l2types.html,https://www.twitter.com/unlock_VALue
https://vitalik.eth.limo/general/2023/09/30/enshrinement.html,https://www.twitter.com/unlock_VALue
https://vitalik.eth.limo/general/2023/07/24/biometric.html,https://www.twitter.com/unlock_VALue
https://vitalik.eth.limo/general/2023/06/20/deeperdive.html,https://www.twitter.com/unlock_VALue
https://vitalik.eth.limo/general/2023/06/09/three_transitions.html,https://www.twitter.com/unlock_VALue
https://vitalik.eth.limo/general/2023/05/21/dont_overload.html,https://www.twitter.com/unlock_VALue
https://vitalik.eth.limo/general/2023/04/14/traveltime.html,https://www.twitter.com/unlock_VALue
https://vitalik.eth.limo/general/2023/03/31/zkmulticlient.html,https://www.twitter.com/unlock_VALue
https://vitalik.eth.limo/general/2023/02/28/ux.html,https://www.twitter.com/unlock_VALue
https://vitalik.eth.limo/general/2023/01/20/stealth.html,https://www.twitter.com/unlock_VALue
https://vitalik.eth.limo/general/2022/12/30/institutions.html,https://www.twitter.com/unlock_VALue
https://vitalik.eth.limo/general/2022/12/05/excited.html,https://www.twitter.com/unlock_VALue
https://vitalik.eth.limo/general/2022/11/19/proof_of_solvency.html,https://www.twitter.com/unlock_VALue
https://vitalik.eth.limo/general/2022/10/28/revenue_evil.html,https://www.twitter.com/unlock_VALue
https://vitalik.eth.limo/general/2022/09/20/daos.html,https://www.twitter.com/unlock_VALue
https://vitalik.eth.limo/general/2022/09/17/layer_3.html,https://www.twitter.com/unlock_VALue
https://vitalik.eth.limo/general/2022/09/09/ens.html,https://www.twitter.com/unlock_VALue
https://vitalik.eth.limo/general/2022/08/04/zkevm.html,https://www.twitter.com/unlock_VALue
https://vitalik.eth.limo/general/2022/07/13/networkstates.html,https://www.twitter.com/unlock_VALue
https://vitalik.eth.limo/general/2022/06/15/using_snarks.html,https://www.twitter.com/unlock_VALue
https://vitalik.eth.limo/general/2022/06/12/nonfin.html,https://www.twitter.com/unlock_VALue
https://vitalik.eth.limo/general/2022/05/25/stable.html,https://www.twitter.com/unlock_VALue
https://vitalik.eth.limo/general/2022/04/01/maximalist.html,https://www.twitter.com/unlock_VALue
https://vitalik.eth.limo/general/2022/03/29/road.html,https://www.twitter.com/unlock_VALue
https://vitalik.eth.limo/general/2022/03/14/trustedsetup.html,https://www.twitter.com/unlock_VALue
https://vitalik.eth.limo/general/2022/02/28/complexity.html,https://www.twitter.com/unlock_VALue
https://vitalik.eth.limo/general/2022/01/26/soulbound.html,https://www.twitter.com/unlock_VALue
https://vitalik.eth.limo/general/2021/12/19/bullveto.html,https://www.twitter.com/unlock_VALue
https://vitalik.eth.limo/general/2021/12/06/endgame.html,https://www.twitter.com/unlock_VALue
https://vitalik.eth.limo/general/2021/11/16/retro1.html,https://www.twitter.com/unlock_VALue
https://vitalik.eth.limo/general/2021/11/05/halo.html,https://www.twitter.com/unlock_VALue
https://vitalik.eth.limo/general/2021/10/31/cities.html,https://www.twitter.com/unlock_VALue
https://vitalik.eth.limo/general/2021/09/26/limits.html,https://www.twitter.com/unlock_VALue
https://vitalik.eth.limo/general/2021/08/22/prices.html,https://www.twitter.com/unlock_VALue
https://vitalik.eth.limo/general/2021/08/16/voting3.html,https://www.twitter.com/unlock_VALue
https://vitalik.eth.limo/general/2021/07/29/gini.html,https://www.twitter.com/unlock_VALue
https://vitalik.eth.limo/general/2021/06/18/verkle.html,https://www.twitter.com/unlock_VALue
https://vitalik.eth.limo/general/2021/05/25/voting2.html,https://www.twitter.com/unlock_VALue
https://vitalik.eth.limo/general/2021/05/23/scaling.html,https://www.twitter.com/unlock_VALue
https://vitalik.eth.limo/general/2021/04/07/sharding.html,https://www.twitter.com/unlock_VALue
https://vitalik.eth.limo/general/2021/03/23/legitimacy.html,https://www.twitter.com/unlock_VALue
https://vitalik.eth.limo/general/2021/02/18/election.html,https://www.twitter.com/unlock_VALue
https://vitalik.eth.limo/general/2021/01/26/snarks.html,https://www.twitter.com/unlock_VALue
https://vitalik.eth.limo/general/2021/01/11/recovery.html,https://www.twitter.com/unlock_VALue
https://vitalik.eth.limo/general/2021/01/05/rollup.html,https://www.twitter.com/unlock_VALue
https://vitalik.eth.limo/general/2020/12/28/endnotes.html,https://www.twitter.com/unlock_VALue
https://vitalik.eth.limo/general/2020/11/08/concave.html,https://www.twitter.com/unlock_VALue
https://vitalik.eth.limo/general/2020/11/06/pos2020.html,https://www.twitter.com/unlock_VALue
https://vitalik.eth.limo/general/2020/09/11/coordination.html,https://www.twitter.com/unlock_VALue
https://vitalik.eth.limo/general/2020/08/20/trust.html,https://www.twitter.com/unlock_VALue
https://vitalik.eth.limo/general/2020/08/17/philosophy.html,https://www.twitter.com/unlock_VALue
https://vitalik.eth.limo/general/2020/07/20/homomorphic.html,https://www.twitter.com/unlock_VALue
https://vitalik.eth.limo/general/2020/03/21/garbled.html,https://www.twitter.com/unlock_VALue
https://vitalik.eth.limo/general/2019/12/26/mvb.html,https://www.twitter.com/unlock_VALue
https://vitalik.eth.limo/general/2019/12/24/christmas.html,https://www.twitter.com/unlock_VALue
https://vitalik.eth.limo/general/2019/12/07/quadratic.html,https://www.twitter.com/unlock_VALue
https://vitalik.eth.limo/general/2019/11/22/progress.html,https://www.twitter.com/unlock_VALue
https://vitalik.eth.limo/general/2019/10/01/story.html,https://www.twitter.com/unlock_VALue
https://vitalik.eth.limo/general/2019/09/22/plonk.html,https://www.twitter.com/unlock_VALue
https://vitalik.eth.limo/general/2019/08/28/hybrid_layer_2.html,https://www.twitter.com/unlock_VALue
https://vitalik.eth.limo/general/2019/06/12/plasma_vs_sharding.html,https://www.twitter.com/unlock_VALue
https://vitalik.eth.limo/general/2019/05/12/fft.html,https://www.twitter.com/unlock_VALue
https://vitalik.eth.limo/general/2019/05/09/control_as_liability.html,https://www.twitter.com/unlock_VALue
https://vitalik.eth.limo/general/2019/04/16/free_speech.html,https://www.twitter.com/unlock_VALue
https://vitalik.eth.limo/general/2019/04/03/collusion.html,https://www.twitter.com/unlock_VALue
https://vitalik.eth.limo/general/2019/04/01/cantor.html,https://www.twitter.com/unlock_VALue
https://vitalik.eth.limo/general/2018/12/05/cbc_casper.html,https://www.twitter.com/unlock_VALue
https://vitalik.eth.limo/general/2018/11/25/central_planning.html,https://www.twitter.com/unlock_VALue
https://vitalik.eth.limo/general/2018/08/26/layer_1.html,https://www.twitter.com/unlock_VALue
https://vitalik.eth.limo/general/2018/08/07/99_fault_tolerant.html,https://www.twitter.com/unlock_VALue
https://vitalik.eth.limo/general/2018/07/21/starks_part_3.html,https://www.twitter.com/unlock_VALue
https://vitalik.eth.limo/general/2018/04/20/radical_markets.html,https://www.twitter.com/unlock_VALue
https://vitalik.eth.limo/general/2018/03/28/plutocracy.html,https://www.twitter.com/unlock_VALue
https://vitalik.eth.limo/general/2017/12/31/pos_faq.html,https://www.twitter.com/unlock_VALue
https://vitalik.eth.limo/general/2017/12/31/sharding_faq.html,https://www.twitter.com/unlock_VALue
https://vitalik.eth.limo/general/2017/12/17/voting.html,https://www.twitter.com/unlock_VALue
https://vitalik.eth.limo/general/2017/12/14/gas_analysis.html,https://www.twitter.com/unlock_VALue
https://vitalik.eth.limo/general/2017/11/22/starks_part_2.html,https://www.twitter.com/unlock_VALue
https://vitalik.eth.limo/general/2017/11/09/starks_part_1.html,https://www.twitter.com/unlock_VALue
https://vitalik.eth.limo/general/2017/10/17/moe.html,https://www.twitter.com/unlock_VALue
https://vitalik.eth.limo/general/2017/09/14/prehistory.html,https://www.twitter.com/unlock_VALue
https://vitalik.eth.limo/general/2017/07/27/metcalfe.html,https://www.twitter.com/unlock_VALue
https://vitalik.eth.limo/general/2017/07/16/triangle_of_harm.html,https://www.twitter.com/unlock_VALue
https://vitalik.eth.limo/general/2017/06/22/marketmakers.html,https://www.twitter.com/unlock_VALue
https://vitalik.eth.limo/general/2017/06/09/sales.html,https://www.twitter.com/unlock_VALue
https://vitalik.eth.limo/general/2017/05/08/coordination_problems.html,https://www.twitter.com/unlock_VALue
https://vitalik.eth.limo/general/2017/03/14/forks_and_markets.html,https://www.twitter.com/unlock_VALue
https://vitalik.eth.limo/general/2017/02/01/zk_snarks.html,https://www.twitter.com/unlock_VALue
https://vitalik.eth.limo/general/2017/01/14/exploring_ecp.html,https://www.twitter.com/unlock_VALue
https://vitalik.eth.limo/general/2016/12/29/pos_design.html,https://www.twitter.com/unlock_VALue
https://vitalik.eth.limo/general/2016/12/10/qap.html,https://www.twitter.com/unlock_VALue
https://vitalik.eth.limo/general/2017/03/11/a_note_on_charity.html,https://www.twitter.com/unlock_VALue
https://www.monoceros.com/insights/maximal-extractable-value-book,https://www.twitter.com/unlock_VALue
https://www.monoceros.com/insights/zero-knowledge-proofs-a-technology-primer,https://www.twitter.com/unlock_VALue
https://www.monoceros.com/insights/order-flow-auctions,https://www.twitter.com/unlock_VALue
https://ethresear.ch/t/simplified-active-validator-cap-and-rotation-proposal/9022,https://www.twitter.com/unlock_VALue
https://notes.ethereum.org/@vbuterin/staking_2023_10,https://www.twitter.com/unlock_VALue
https://hackmd.io/@EspressoSystems/HotShot-and-Tiramisu,https://www.twitter.com/unlock_VALue
https://hackmd.io/@EspressoSystems/bft-and-proposer-promised-preconfirmations,https://www.twitter.com/unlock_VALue
https://ethresear.ch/t/analyzing-bft-proposer-promised-preconfirmations/17963,https://www.twitter.com/unlock_VALue
https://hackmd.io/@EspressoSystems/SharedSequencing,
https://hackmd.io/@EspressoSystems/fair-exchange-in-proposer-builder-separation,
https://hackmd.io/@EspressoSystems/the-derivation-pipeline,
https://notes.ethereum.org/@vbuterin/single_slot_finality,
https://ethresear.ch/t/based-rollups-superpowers-from-l1-sequencing/15016,
https://hackmd.io/@EspressoSystems/EspressoSequencer,
https://ethresear.ch/t/the-cost-of-artificial-latency-in-the-pbs-context/17847,
https://ethresear.ch/t/analyzing-missed-slot-through-the-lens-of-relays-a-potential-path-for-relay-incentivization/18257,
https://maven11.mirror.xyz/4EWfWgqJGNQufJOXe66aqmYTttu9r0o3sArMLZVbNyo,
https://kelvinfichter.com/pages/thoughts/hybrid-rollups/,https://www.twitter.com/unlock_VALue
https://kelvinfichter.com/pages/thoughts/tps-is-dumb/,https://www.twitter.com/unlock_VALue
https://kelvinfichter.com/pages/thoughts/evm-proofs/,https://www.twitter.com/unlock_VALue
https://kelvinfichter.com/pages/thoughts/challenge-periods/,https://www.twitter.com/unlock_VALue
https://kelvinfichter.com/pages/thoughts/rrr/,https://www.twitter.com/unlock_VALue
https://kelvinfichter.com/pages/thoughts/moloch/,https://www.twitter.com/unlock_VALue
https://a16zcrypto.com/posts/article/a-few-of-the-things-were-excited-about-in-crypto-2024/,
https://a16zcrypto.com/posts/videos/web3-business-strategy/,
https://a16zcrypto.com/posts/article/vampire-attacks-competition/,
https://a16zcrypto.com/posts/article/a-new-nft-launch-strategy-the-wave-mint/,
https://a16zcrypto.com/posts/article/progressive-decentralization-a-high-level-framework/,
https://a16zcrypto.com/posts/article/nft-sales-market-clearing-gas-wars-auction-mechanism-design-for-builders/,
https://a16zcrypto.com/posts/podcast/top-tech-topics-explained/,
https://medium.com/@boneh/how-to-slash-misbehavior-in-threshold-decryption-0888af5ae3b6,https://www.twitter.com/unlock_VALue
https://medium.com/@boneh/using-zk-proofs-to-fight-disinformation-17e7d57fe52f,https://www.twitter.com/unlock_VALue
https://medium.com/@boneh/reversible-transactions-on-ethereum-erc-20r-and-erc-721r-9e82de67b696,https://www.twitter.com/unlock_VALue
https://medium.com/@boneh/how-to-build-a-private-dao-on-ethereum-59e3afdf3abd,https://www.twitter.com/unlock_VALue
https://collective.flashbots.net/t/frp-35-pair-trading-opportunities-as-a-form-of-mev/2887,https://www.twitter.com/unlock_VALue
https://blog.uniswap.org/fee-returns#user-content-fnref-2,https://www.twitter.com/unlock_VALue
https://xenophonlabs.com/portfolio.html,https://www.twitter.com/unlock_VALue
https://medium.com/amber-group/reproducing-the-ape-airdrop-flash-loan-arbitrage-exploit-93f79728fcf5,https://www.twitter.com/unlock_VALue
https://medium.com/citadel-one/what-are-staking-derivatives-8fd86ed315a2,https://www.twitter.com/unlock_VALue
https://medium.com/gyroscope-protocol/decentralization-of-token-distributions-e472f8b52f4a,https://www.twitter.com/unlock_VALue
https://ethresear.ch/t/burning-mev-through-block-proposer-auctions/14029?u=barnabe,https://www.twitter.com/unlock_VALue
https://ethresear.ch/t/commitment-satisfaction-committees-an-in-protocol-solution-to-pepc/17055,https://www.twitter.com/unlock_VALue
https://ethresear.ch/t/committee-driven-mev-smoothing/10408,https://www.twitter.com/unlock_VALue
https://collective.flashbots.net/t/to-burn-or-not/647,https://www.twitter.com/unlock_VALue
https://figmentcapital.medium.com/the-proof-supply-chain-be6a6a884eff,https://www.twitter.com/unlock_VALue
https://medium.com/@espressosys/espresso-hotshot-consensus-designed-for-rollups-b080ba7362d1,https://hackmd.io/@EspressoSystems/EspressoSequencer
https://outlierventures.io/research/design-phase-of-token-ecosystem-creation/,https://www.twitter.com/unlock_VALue
https://outlierventures.io/research/why-crypto-assets-need-effective-token-ecosystems/,https://www.twitter.com/unlock_VALue
https://outlierventures.io/research/what-is-the-secret-to-building-valuable-tokens/,https://www.twitter.com/unlock_VALue
https://notes.ethereum.org/@vbuterin/blob_transactions,https://barnabe.substack.com/p/understanding-rollup-economics-from
https://notes.ethereum.org/@barnabe/rk5ue1WF_,https://barnabe.substack.com/p/understanding-rollup-economics-from
https://medium.com/ethereum-optimism/retroactive-public-goods-funding-33c9b7d00f0c,https://www.twitter.com/unlock_VALue
https://forum.celestia.org/t/zero-knowledge-in-the-celestia-baselayer/1475,https://www.twitter.com/unlock_VALue
https://research.arbitrum.io/t/security-and-governance-considerations-for-chain-clusters/9560,https://www.twitter.com/unlock_VALue
https://gov.uniswap.org/t/uniswap-liquidity-mining-analysis/21416,https://www.twitter.com/unlock_VALue
https://dydx.forum/t/dydx-v4-with-great-decentralization-comes-great-responsibility/1344,https://www.twitter.com/unlock_VALue
https://governance.aave.com/t/temp-check-raising-the-safety-module-s-slashing-percentage/14167,https://www.twitter.com/unlock_VALue
https://xenophonlabs.substack.com/p/curvemetrics?r=1ekt4m,https://www.twitter.com/unlock_VALue
https://barnabe.substack.com/p/congestion-control-and-eip1559,https://www.twitter.com/unlock_VALue
https://barnabe.substack.com/p/understanding-rollup-economics-from,https://www.twitter.com/unlock_VALue
https://barnabe.substack.com/p/eth2,https://barnabe.substack.com/p/understanding-rollup-economics-from
https://gov.uniswap.org/t/gauntlet-s-uniswap-protocol-fee-report-tldr-version/22607,
https://frontier.tech/measuring-reordering-slippage-in-mev,https://www.twitter.com/unlock_VALue
https://forum.arbitrum.foundation/t/request-for-discussion-arbitrum-foundation-transparency-standards/14272,
https://forum.arbitrum.foundation/t/grants-funding-framework-discussion-how-to-excel-at-being-a-dao/13818,
https://notes.ethereum.org/@anderselowsson/HyUIqjo_6,https://www.twitter.com/unlock_VALue
https://ethresear.ch/t/unlocking-pbs-with-cl-verification-of-block-coinbase-e-g-multi-tx-flashloans/17955/,https://www.twitter.com/unlock_VALue
https://notes.ethereum.org/@domothy/roadmap,https://www.twitter.com/unlock_VALue
https://forum.aztec.network/t/request-for-proposals-decentralized-sequencer-selection/350,https://www.twitter.com/unlock_VALue
https://maven11.mirror.xyz/3NqfzBemyvI9a0fhun7flOc20oq5XlXzOqphvKk5pxs,https://www.twitter.com/unlock_VALue
https://notes.ethereum.org/@fradamt/maxeb-consolidation,https://www.twitter.com/unlock_VALue
https://medium.com/@defidevin/swap-fees-are-for-losers-introducing-deltaswap-the-first-feeless-spot-dex-c88b7b1ed340,https://www.twitter.com/unlock_VALue
https://ethresear.ch/t/2fa-zk-rollups-using-sgx/14462,https://www.twitter.com/unlock_VALue
https://blog.conduit.xyz/celestia-mainnet-migrations,https://www.twitter.com/unlock_VALue
https://writings.flashbots.net/suave-tee-coprocessor,https://www.twitter.com/unlock_VALue
https://ethresear.ch/t/unconditional-inclusion-lists/18500,https://twitter.com/mikeneuder/status/1752319880731173272
https://medium.com/nethermind-eth/starkpack-aggregating-starks-for-shorter-proofs-and-faster-verification-8c78a5c26291,https://www.twitter.com/unlock_VALue
https://tim.mirror.xyz/srVdVopOFhD_ZoRDR50x8n5wmW3aRJIrNEAkpyQ4_ng,https://twitter.com/TimBeiko/status/1752458526407139680
https://dba.xyz/modular-money-liquid-staking-for-people-in-a-hurry/,https://twitter.com/jon_charb/status/1753450124200620536
https://maven11.mirror.xyz/I12E6Jf9X6HE_DuegZG4gmy8j-4RGAX4AdMZ71MnANY,
https://ethresear.ch/t/state-lock-auctions-towards-collaborative-block-building/18558,https://twitter.com/_danielmarzec/status/1754173137799770532
https://ethresear.ch/t/on-increasing-the-block-gas-limit/18567?u=nerolation,https://x.com/nero_eth/status/1754441447690944537?s=46&t=LTSoDWXLa08Oi2VCOCK2Yg
https://ethresear.ch/t/intent-based-bridge-between-l2s-and-ethereum-powered-by-multi-proof-storage-proofs/18563,https://twitter.com/fede_intern/status/1754309047241593186
https://forum.celestia.org/t/defending-against-lst-monopolies/1554,
https://collective.flashbots.net/t/suave-bridge/2696/8,https://www.twitter.com/unlock_VALue
https://notes.ethereum.org/@mikeneuder/consider-the-epbs,https://twitter.com/mikeneuder/status/1755429454367555645
https://notes.ethereum.org/@mikeneuder/il-spec-overview,https://twitter.com/mikeneuder/status/1755220985219780646
https://www.helius.dev/blog/solana-fees-in-theory-and-practice,https://x.com/0xmert_/status/1751747905831010785
https://www.helius.dev/blog/consensus-on-solana,https://www.twitter.com/unlock_VALue
https://www.helius.dev/blog/solana-nodes-a-primer-on-solana-rpcs-validators-and-rpc-providers,https://www.twitter.com/unlock_VALue
https://www.helius.dev/blog/solana-validator-economics-a-primer,https://www.twitter.com/unlock_VALue
https://www.helius.dev/blog/priority-fees-understanding-solanas-transaction-fee-mechanics,https://www.twitter.com/unlock_VALue
https://www.helius.dev/blog/the-l1-vs-l2-landscape,https://www.twitter.com/unlock_VALue
https://www.helius.dev/blog/gaming-how-solana-is-changing-the-playfield,https://www.twitter.com/unlock_VALue
https://www.helius.dev/blog/turbine-block-propagation-on-solana,https://www.twitter.com/unlock_VALue
https://www.helius.dev/blog/the-solana-programming-model-an-introduction-to-developing-on-solana,https://www.twitter.com/unlock_VALue
https://www.helius.dev/blog/what-is-firedancer,https://www.twitter.com/unlock_VALue
https://www.helius.dev/blog/evaluating-solana-for-enterprise-use-a-comprehensive-guide,https://www.twitter.com/unlock_VALue
https://www.helius.dev/blog/cryptographic-tools-101-hash-functions-and-merkle-trees-explained,https://www.twitter.com/unlock_VALue
https://www.helius.dev/blog/all-you-need-to-know-about-compression-on-solana,https://www.twitter.com/unlock_VALue
https://www.helius.dev/blog/proof-of-history-proof-of-stake-proof-of-work-explained,https://www.twitter.com/unlock_VALue
https://www.helius.dev/blog/privacy-on-solana-with-elusiv-and-light,https://www.twitter.com/unlock_VALue
https://www.helius.dev/blog/solana-rpc,https://www.twitter.com/unlock_VALue
https://www.helius.dev/blog/file-system-wallets-how-to-create-a-custom-wallet,https://www.twitter.com/unlock_VALue
https://www.helius.dev/blog/top-solana-rpcs-helius-vs-other-node-providers,https://www.twitter.com/unlock_VALue
https://www.helius.dev/blog/solana-dev-101-deserializing-account-data-on-solana,https://www.twitter.com/unlock_VALue
https://www.helius.dev/blog/solana-slots-blocks-and-epochs,https://www.twitter.com/unlock_VALue
https://www.helius.dev/blog/how-solana-rpcs-work,https://www.twitter.com/unlock_VALue
https://www.helius.dev/blog/build-a-wallet-tracker-on-solana,https://www.twitter.com/unlock_VALue
https://www.helius.dev/blog/solana-data-streaming,https://www.twitter.com/unlock_VALue
https://www.helius.dev/blog/working-with-solana-tokens,https://www.twitter.com/unlock_VALue
https://www.helius.dev/blog/nft-holder-snapshots,https://www.twitter.com/unlock_VALue
https://www.helius.dev/blog/how-to-create-a-solana-transaction,https://www.twitter.com/unlock_VALue
https://www.helius.dev/blog/how-to-mint-an-nft-on-solana,https://www.twitter.com/unlock_VALue
https://www.helius.dev/blog/all-you-need-to-know-about-solanas-new-das-api,https://www.twitter.com/unlock_VALue
https://www.helius.dev/blog/solana-dev-101-using-das-to-return-all-collection-assets,https://www.twitter.com/unlock_VALue
https://collective.flashbots.net/t/frp-34-do-backrun-auctions-protect-traders/2977,https://twitter.com/awmacp/status/1755165431394935087
https://terencechain.substack.com/p/optimizing-interactions-between-ethereum,
https://ethresear.ch/t/validator-timing-game-post-eip4844/18129,
https://terencechain.substack.com/p/writing-an-ethereum-consensus-client,
https://terencechain.substack.com/p/navigating-ethereums-2024-consensus,
https://mirror.xyz/eclipsemainnet.eth/GTrrYpmxSY1ubQ0SEV5akF7EZXgA2XFr7FEjM3CUuaE,
https://composablefi.medium.com/composable-is-extending-the-inter-blockchain-communication-ibc-protocol-to-ethereum-e5cc765af57e,https://www.twitter.com/unlock_VALue
https://linea.mirror.xyz/byKWNxXlxy9YmfMWCEarNr9m-GJJvoceAr__ibQYWKU,https://twitter.com/LineaBuild/status/1755654119274983751
https://outlierventures.io/article/token-utility-canvas/,https://www.twitter.com/unlock_VALue
https://outlierventures.io/article/secrets-of-the-token-sale-what-is-token-design/,https://www.twitter.com/unlock_VALue
https://outlierventures.io/article/quantitative-token-model-a-data-driven-approach-to-stay-ahead-of-the-game/,https://www.twitter.com/unlock_VALue
https://outlierventures.io/article/does-your-product-need-a-token/,https://www.twitter.com/unlock_VALue
https://outlierventures.io/article/nft-or-fungible-token-which-is-right-for-me/,https://www.twitter.com/unlock_VALue
https://outlierventures.io/article/bonding-curves-and-a-prelude-to-sptokens/,https://www.twitter.com/unlock_VALue
https://www.gauntlet.xyz/resources/uniswap-protocol-fee-report,https://www.twitter.com/unlock_VALue
https://blog.mev.io/posts/mevAuction-system,https://www.twitter.com/unlock_VALue
https://blog.mev.io/posts/Revolutionizing-Staking-Rewards-MEV-Protocol,https://www.twitter.com/unlock_VALue
https://blog.mev.io/posts/Skimming-Rewards-dec-07-23,https://www.twitter.com/unlock_VALue
https://medium.com/@bloqarl/uniswap-v2-complete-guide-to-understand-the-defi-protocol-d3a0e766cbdd,
https://medium.com/@bloqarl/how-can-i-learn-about-smart-contract-auditing-from-zero-week-1-learning-roadmap-4347785e6f9b,
https://medium.com/@bloqarl/smart-contract-hacking-course-was-it-worth-to-pay-for-it-did-i-learn-much-ddd1c775cf26,
https://medium.com/@bloqarl/echidna-tutorial-2-fuzzing-with-assertion-testing-mode-00405454ef3d,
https://medium.com/@bloqarl/learn-echidna-introduction-to-invariant-tests-3094f51544d6,
https://medium.com/@bloqarl/finding-it-complex-to-learn-rust-not-anymore-build-an-nft-and-take-your-rust-to-the-next-level-b2b025d7363d,
https://medium.com/@bloqarl/revolutionizing-defi-how-ai-enhances-smart-contract-security-030b15418f62,
https://medium.com/rektoff/a-security-system-starts-with-the-testing-how-to-properly-battle-test-your-smart-contracts-4dd3a7538959,
https://medium.com/rektoff/top-10-vulnerabilities-in-substrate-based-blockchains-using-rust-d454279521ff,
https://medium.com/@bloqarl/cardanos-move-to-polkadot-and-substrate-revolutionizing-blockchain-interoperability-1821e2378cfd,
https://medium.com/@bloqarl/how-can-i-integrate-lido-tokens-into-my-dapp-dd9b1f69fe99,
https://medium.com/@bloqarl/smart-contract-shadow-audit-in-codehawks-b625d178751e,
https://medium.com/@bloqarl/uniswap-v2-router-explained-by-a-smart-contract-auditor-add-liquidity-defi-protocol-6e23973ad62e,
https://medium.com/balancer-protocol/balancer-the-yield-bearing-asset-thesis-f44489ba2deb,
https://vitalik.eth.limo/general/2024/01/30/cryptoai.html,
https://medium.com/swlh/getting-deep-into-evm-how-ethereum-works-backstage-ab6ad9c0d0bf,https://www.zaryabs.com/evm-learning-resources/
https://noxx.substack.com/p/evm-deep-dives-the-path-to-shadowy?s=r&ref=zaryabs.com,https://www.zaryabs.com/evm-learning-resources/
https://noxx.substack.com/p/evm-deep-dives-the-path-to-shadowy-d6b?s=r&ref=zaryabs.com,https://www.zaryabs.com/evm-learning-resources/
https://noxx.substack.com/p/evm-deep-dives-the-path-to-shadowy-3ea?s=r&ref=zaryabs.com,https://www.zaryabs.com/evm-learning-resources/
https://medium.com/@hayeah/diving-into-the-ethereum-vm-part-2-storage-layout-bc5349cb11b7,https://www.zaryabs.com/evm-learning-resources/
https://medium.com/@hayeah/diving-into-the-ethereum-vm-the-hidden-costs-of-arrays-28e119f04a9b,https://www.zaryabs.com/evm-learning-resources/
https://medium.com/@hayeah/how-to-decipher-a-smart-contract-method-call-8ee980311603,https://www.zaryabs.com/evm-learning-resources/
https://medium.com/@hayeah/diving-into-the-ethereum-vm-part-5-the-smart-contract-creation-process-cb7b6133b855,https://www.zaryabs.com/evm-learning-resources/
https://jeancvllr.medium.com/solidity-tutorial-all-about-assembly-5acdfefde05c,https://www.zaryabs.com/evm-learning-resources/
https://www.rareskills.io/post/ethereum-contract-creation-code?ref=zaryabs.com,https://www.zaryabs.com/evm-learning-resources/
https://forum.celestia.org/t/sharing-a-sequencer-set-by-separating-execution-from-aggregation/702,
https://social-dilemmas.github.io/,
https://theblockchainerhub.xyz/,
https://blog.duality.xyz/introducing-multiplicity/,https://www.twitter.com/unlock_VALue
https://blog.shutter.network/shutterized-opstack-testnet-announcement-and-roadmap/,https://www.twitter.com/unlock_VALue
https://officercia.mirror.xyz/dgKaZvBsP90fNc7YLtL-ibRIZYcbvTdtVPdmNoB6s_M,https://twitter.com/officer_cia/status/1757114238370226652
https://ethresear.ch/t/the-price-is-right-realigning-proposer-builder-incentives-with-predictive-mev-burn/18656,https://twitter.com/soispoke/status/1757078115308786078
https://medium.com/tokemak/validator-penalties-slashing-and-their-impact-on-tokemak-v2-f690489e7529,
https://medium.com/tokemak/tokemak-x-zealy-campaign-upcoming-awareness-initiatives-d11365383a0e,
https://medium.com/tokemak/tokemak-v2-introducing-lmps-autopilot-and-the-dao-liquidity-marketplace-86b8ec0656a,
https://medium.com/tokemak/all-systems-go-for-acctoke-and-rewards-logic-update-d5f0ecf34629,
https://medium.com/tokemak/toke-eth-curve-v2-lp-boost-with-convex-455c3b284249,
https://medium.com/tokemak/the-accretion-3e348c1be5ca,
https://medium.com/tokemak/a-few-upcoming-milestones-for-2022-90e3415f5119,
https://medium.com/tokemak/c-o-r-e-3-voting-begins-this-monday-may-2nd-1687ff492199,
https://medium.com/tokemak/toke-emissions-update-april-2022-675240fbfad0,
https://medium.com/tokemak/tokemak-update-march-2022-eb8a4f7bc525,
https://medium.com/tokemak/the-conclusion-of-cycle-zero-weekly-cycles-and-staked-toke-migration-33a1811969e5,
https://medium.com/tokemak/brace-yourselves-pilots-tokemak-liquidity-deployment-begins-b1526c9bb0e4,
https://medium.com/tokemak/ui-update-exchange-voting-is-live-d221ec44326c,
https://ethresear.ch/t/minimal-epbs-beacon-chain-changes/18653,https://twitter.com/terencechain/status/1757053867265855700
https://www.paradigm.xyz/2024/02/leaderless-auctions,https://twitter.com/_Dave__White_/status/1757471352897122672
https://www.blocknative.com/blog/eip-4844-blobs-and-blob-gas-what-you-need-to-know,
https://blog.openzeppelin.com/deconstructing-a-solidity-contract-part-i-introduction-832efd2d7737?ref=zaryabs.com,https://www.zaryabs.com/evm-learning-resources/
https://blog.qtum.org/diving-into-the-ethereum-vm-6e8d5d2f3c30,https://www.zaryabs.com/evm-learning-resources/
https://blog.merkle.io/blog/off-chain-bundles,https://twitter.com/merkle_mev/status/1757102503747862724
https://blog.chain.link/chainlink-fair-sequencing-services-enabling-a-provably-fair-defi-ecosystem/,https://www.twitter.com/unlock_VALue
https://medium.com/offchainlabs/eip-4844-what-does-it-mean-for-l2-users-5e86ebc4c028,https://twitter.com/OffchainLabs/status/1757461008849740153
https://medium.com/@cryptofairy/sangria-a-plonk-ish-folding-scheme-2271204d2285,
https://frontier.tech/the-cake-framework,
https://medium.com/immunefi/zksync-insufficient-proof-verification-bugfix-review-dcd57944d0e2,https://twitter.com/chrisdior777/status/1758078448076284015
https://www.galaxy.com/insights/research/understanding-intersection-crypto-ai/,https://twitter.com/Uptodatenow/status/1758143881261040098
https://blog.uniswap.org/uniswap-v2,https://risencrypto.github.io/
https://atise.medium.com/uniswap-v3-liquidity-formula-explained-de8bd42afc3c,https://risencrypto.github.io/
https://gov.uniswap.org/t/a-deep-dive-of-uniswaps-governance/19792,https://risencrypto.github.io/
https://www.paradigm.xyz/2021/05/liquidity-mining-on-uniswap-v3,https://risencrypto.github.io/
https://drive.google.com/file/d/1dRifSAXxc-6HKCKH8tcygEmHxJTKAlxp/view,https://risencrypto.github.io/
https://risencrypto.github.io/Sumcheck/,https://risencrypto.github.io/
https://risencrypto.github.io/Plonk/,https://risencrypto.github.io/
https://risencrypto.github.io/PLONKPerm/,https://risencrypto.github.io/
https://risencrypto.github.io/PLONKWHY/,https://risencrypto.github.io/
https://risencrypto.github.io/R1CSQAP/,https://risencrypto.github.io/
https://risencrypto.github.io/Kate/,https://risencrypto.github.io/
https://risencrypto.github.io/WeilMOV/,https://risencrypto.github.io/
https://risencrypto.github.io/CofactorClearing/,https://risencrypto.github.io/
https://risencrypto.github.io/ExtensionFields/,https://risencrypto.github.io/
https://risencrypto.github.io/QuadraticSieve/,https://risencrypto.github.io/
https://risencrypto.github.io/PohligHellman/,https://risencrypto.github.io/
https://medium.com/nethermind-eth/fiat-shamir-security-of-fri-and-related-snarks-part-1-9b913728ddec,
https://medium.com/nethermind-eth/under-the-hood-of-cairo-1-0-exploring-sierra-7f32808421f5,
https://medium.com/nethermind-eth/the-history-and-future-of-account-abstraction-10cb097ebdc8,
https://medium.com/nethermind-eth/under-the-hood-of-cairo-1-0-exploring-sierra-1220f6dbcf9,
https://medium.com/nethermind-eth/the-liquid-staking-rush-1977aef2bad0,
https://medium.com/nethermind-eth/getting-started-with-netherminds-starknet-rpc-service-f6b49df8b889,
https://medium.com/nethermind-eth/cairo-the-starknet-way-to-writing-safe-code-8169486c7132,
https://medium.com/nethermind-eth/sunsetting-warp-a-farewell-to-the-solidity-to-cairo-transpiler-79e9fdab5f5a,
https://medium.com/nethermind-eth/how-to-monitor-starknet-wallets-f500845a1030,
https://medium.com/nethermind-eth/juno-0-4-production-ready-a15078397627,
https://medium.com/nethermind-eth/under-the-hood-of-cairo-1-0-exploring-sierra-9355d618b26f,
https://medium.com/nethermind-eth/verifying-a-starknet-smart-contract-on-voyager-3c2f127e84f6,
https://medium.com/nethermind-eth/introduction-to-horus-part-2-3dbc77dcdb4a,
https://medium.com/nethermind-eth/introduction-to-horus-part-1-fbc16af3ba67,
https://medium.com/nethermind-eth/a-first-look-at-cairo-1-0-a-safer-stronger-simpler-provable-programming-language-892ce4c07b38,
https://medium.com/nethermind-eth/cairo-fundamentals-stacked-up-against-evm-and-solidity-1d8d4e12b2c3,
https://medium.com/nethermind-eth/introducing-unistark-uniswap-only-warped-to-starknet-6b62d3a96690,
https://medium.com/nethermind-eth/reducing-the-step-count-for-256-bit-operations-in-cairo-61299649dc0c,
https://medium.com/nethermind-eth/aave-starknet-bridge-9de6797c4ada,
https://medium.com/nethermind-eth/cairo-coding-guidelines-74eb6f4ee264,
https://medium.com/nethermind-eth/warp-2-0-transpiling-directly-from-solidity-to-cairo-9bf41a6d26ee,
https://medium.com/nethermind-eth/introducing-voyager-the-window-to-starknet-c948f3a07a9b,
https://medium.com/nethermind-eth/algebraic-geometry-codes-8b760f03b5d3,
https://medium.com/nethermind-eth/ethereum-withdrawals-and-liquid-staking-68f0d50bbb81,
https://medium.com/nethermind-eth/systematization-of-knowledge-for-decentralized-identities-verifiable-credentials-phase-1-of-e972cf5ec153,
https://medium.com/nethermind-eth/how-to-reach-consensus-with-strangers-9b57264afd65,
https://medium.com/nethermind-eth/a-tour-of-verifiable-secret-sharing-schemes-and-distributed-key-generation-protocols-3c814e0d47e1,
https://medium.com/nethermind-eth/sorting-out-distributed-validator-technology-a6f8ca1bbce3,
https://medium.com/nethermind-eth/secret-sharing-for-sharing-mnemonics-part-ii-d76dc1581681,
https://medium.com/nethermind-eth/using-shamirs-secret-sharing-to-share-mnemonics-c40429835117,
https://medium.com/nethermind-eth/the-zksync-era-remix-plugin-a-how-to-guide-fc54e8d24bd3,
https://medium.com/nethermind-eth/nethermind-client-3-experimental-approaches-to-state-database-change-8498e3d89771,
https://medium.com/nethermind-eth/unlocking-onboarding-to-starknet-an-overview-of-the-starknet-remix-plugin-6b0658e73521,
https://anoma.net/blog/abstract-intent-machines,
https://ethresear.ch/t/endgame-staking-economics-a-case-for-targeting/18751,https://x.com/superphiz/status/1760742225364046322?s=46&t=LTSoDWXLa08Oi2VCOCK2Yg
https://governance.aave.com/t/gauntlet-is-leaving-aave/16700?u=hazbobo,
https://notes.ethereum.org/@ralexstokes/mbip-0,https://twitter.com/ralexstokes/status/1759729243070587030
https://collective.flashbots.net/t/block-scoring-for-mev-boost-relays/202/26?u=ralexstokes,
https://blog.shutter.network/shutter-economics/,
https://medium.com/@0kage/hack-series-deep-dive-chapter-2-affine-da2d7b0bbefd,https://twitter.com/0kage_eth/status/1761594595652366839
https://medium.com/@0kage/hack-series-deep-dive-chapter-1-enzyme-finance-90f4d85c067e,https://twitter.com/shealtielanz/status/1761693985788035493
https://www.rareskills.io/post/gas-optimization,
https://www.rareskills.io/zk-book,
https://www.rareskills.io/compound-v3-book,
https://www.rareskills.io/uniswap-v2-book,
https://medium.com/collab-currency/running-bittensor-9d0e810d2483,https://x.com/ronangmi/status/1762132322718298197?s=46&t=LTSoDWXLa08Oi2VCOCK2Yg
https://medium.com/immunefi/hacking-the-blockchain-an-ultimate-guide-4f34b33c6e8b,
https://frontier.tech/cake-working-group,https://twitter.com/FrontierDotTech/status/1760815850242613646
https://collective.flashbots.net/t/demonstration-of-suave-oracle/3112,
https://blog.shutter.network/liquidity-bootstrapping-pool-by-shutter-dao-0x36-has-closed-the-numbers/,
https://collective.flashbots.net/t/integrating-suave-with-astria-rollups/3118,
https://www.eip4844.com/,
https://collective.flashbots.net/t/frequent-batch-auction-on-suave/3104,
https://collective.flashbots.net/t/composable-block-building-mev-compose/3091,
https://collective.flashbots.net/t/announcing-suave-std/3043/1,
https://collective.flashbots.net/t/protecc-ed-execution-on-orderflow/3113,
https://collective.flashbots.net/t/suave-bridge/2696,
https://docs.clusters.xyz/,
https://ethresear.ch/t/the-more-the-less-censored-introducing-committee-enforced-inclusion-sets-comis-on-ethereum/18835,https://twitter.com/soispoke/status/1763214200694796774
https://ethresear.ch/t/payload-boosts-in-epbs/18769,
https://ethresear.ch/t/zero-knowledge-rainbow-bridge-infusing-blockchain-interactions-with-a-prism-of-privacy/18825,
https://ethresear.ch/t/trustless-bitcoin-bridge-creation-with-witness-encryption/11953,
https://ethresear.ch/t/properties-of-issuance-level-consensus-incentives-and-variability-across-potential-reward-curves/18448,
https://ethresear.ch/t/the-preconfirmation-gateway-unlocking-preconfirmations-from-user-to-preconfer/18812,
https://ethresear.ch/t/the-risks-of-lrts/18799,
https://ethresear.ch/t/inclusion-list-eip-7547-end-to-end-workflow/18810,
https://ethresear.ch/t/easy-proof-of-equivalence-between-multiple-polynomial-commitment-schemes-to-the-same-data/8188,
https://ethresear.ch/t/collusion-resistant-impartial-selection-protocol-crisp/18804,
https://ethresear.ch/t/concurrent-block-proposers-in-ethereum/18777,
https://ethresear.ch/t/launching-mev-fyi-the-mev-research-chatbot/18796,
https://www.cyfrin.io/blog/replay-attack-in-ethereum,
https://www.cyfrin.io/blog/solidity-gas-optimization-tips,
https://www.cyfrin.io/blog/how-to-become-a-blockchain-solidity-developer,
https://www.cyfrin.io/blog/price-oracle-manipulation-attacks-with-examples,
https://www.cyfrin.io/blog/what-is-a-smart-contract-audit,
https://www.cyfrin.io/blog/upgradeable-proxy-smart-contract-pattern,
https://www.cyfrin.io/blog/industry-leading-smart-contract-auditing-and-security-tools,
https://www.cyfrin.io/blog/understanding-sybil-attacks-in-blockchain-and-smart-contracts,
https://www.cyfrin.io/blog/learn-web3-development-roadmap,
https://www.cyfrin.io/blog/how-to-become-a-smart-contract-auditor-courses-and-resources,
https://www.cyfrin.io/blog/smart-contract-fuzzing-and-invariants-testing-foundry,
https://www.cyfrin.io/blog/smart-contract-auditor-salary,
https://www.cyfrin.io/blog/how-did-the-euler-finance-hack-happen-hack-analysis,
https://www.cyfrin.io/blog/solodit-joins-cyfrin-ecosystem,
https://www.cyfrin.io/blog/top-web3-tools-for-developers,
https://www.cyfrin.io/blog/how-to-white-hat-a-smart-contract,
https://www.cyfrin.io/blog/ai-code-debugger-debug-code-with-ai,
https://www.cyfrin.io/blog/best-web3-wallets-safest-way-to-store-crypto,
https://www.cyfrin.io/blog/solidity-smart-contract-formal-verification-symbolic-execution,
https://www.cyfrin.io/blog/fuzz-invariant-tests,
https://www.cyfrin.io/blog/smart-contract-fuzz-testing-using-foundry,
https://www.cyfrin.io/blog/blockchain-bridges,
https://www.cyfrin.io/blog/competitive-vs-private-audits-comparison,
https://www.cyfrin.io/blog/top-10-smart-contract-auditing-companies,
https://www.cyfrin.io/blog/how-to-get-all-the-transactions-from-a-contract-address,
https://blog.quillaudits.com/trending/guidelines-for-auditing-staking-protocols/,
https://blog.quillaudits.com/trending/,
https://blog.quillaudits.com/blockchain-security/dns-attacks-cascading-effects-and-mitigation-strategies/,
https://blog.quillaudits.com/ethereum/eip-4844-explained/,
https://blog.quillaudits.com/quillaudits-news/quillaudits-supermoon-eth-denver-highlights/,
https://blog.quillaudits.com/security-products/decoding-the-role-of-artificial-intelligence-in-metaverse-and-web3/,
https://blog.quillaudits.com/trending/transforming-assets-unlocking-real-world-asset-tokenization/,
https://blog.quillaudits.com/trending/blockchains-privacy-frontier-zk-starks-vs-zk-snarks-explained/,
https://blog.quillaudits.com/web3-security/web3-security-essentials-understanding-and-protecting-unique-identifiers/,
https://blog.quillaudits.com/trending/navigating-smart-contract-risks-and-best-practices/,
https://blog.quillaudits.com/trending/what-is-nakamoto-consensus-the-mechanism-that-powers-bitcoin/,
https://blog.quillaudits.com/nft/nft-security-101-common-vulnerabilities-and-analysis-of-major-nft-hacks-january-2024/,
https://medium.com/@dymension/dymension-mainnet-is-live-d0bdebd5650f,https://twitter.com/dymension/status/1764660148486722038
https://www.paradigm.xyz/2024/03/how-to-raise-the-gas-limit-1,https://twitter.com/notnotstorm/status/1764700326282879115
https://nil.foundation/blog/post/nil_zkSharding,
https://nil.foundation/blog/post/makel2sscaleagain,
https://nil.foundation/blog/post/zkevm_via_zkllvm,
https://nil.foundation/blog/post/zkHackIstanbul,
https://nil.foundation/blog/post/rust-zkllvm-compiler,
https://nil.foundation/blog/post/zkml_pipeline,
https://nil.foundation/blog/post/placeholder-proofsystem,
https://paragraph.xyz/@cbventures/state-of-wallets-part-2,
https://paragraph.xyz/@cbventures/state-of-wallets-part-1,
https://paragraph.xyz/@cbventures,
https://paragraph.xyz/@cbventures/state-of-bridging,
https://paragraph.xyz/@cbventures/understanding-the-zero-knowledge-landscape,
https://paragraph.xyz/@cbventures/a-developers-guide-to-the-web3-security-stack,
https://paragraph.xyz/@cbventures/decentralizing-social-media-a-guide-to-the-web3-social-stack,
https://paragraph.xyz/@cbventures/a-simple-guide-to-the-web3-developer-stack,
https://paragraph.xyz/@cbventures/coinbase-ventures-q3-recap-and-market-outlook,
"https://paragraph.xyz/@cbventures/tldr-coinbase-ventures-deal-activity-reflected-the-overall-pace-of-the-venture-landscape,-down-34percent-qoq-activity-remained-up-68percent-yoy,-reflecting-the-steady-growth-of-our-venture-practice-over-the-past-year-among-the-key-trends-observed,-we-belie",
https://paragraph.xyz/@cbventures/coinbase-ventures-q2-recap-and-market-outlook,
https://paragraph.xyz/@cbventures/the-crypto-market-downturn-explained,
https://paragraph.xyz/@cbventures/coinbase-ventures-q1-recap-and-market-outlook,
https://paragraph.xyz/@cbventures/cryptos-emergence-as-a-geopolitical-force,
https://paragraph.xyz/@cbventures/ventures-takeaways-from-eth-denver,
https://paragraph.xyz/@cbventures/vampire-attack-looksrare-vs-opensea,
https://paragraph.xyz/@cbventures/cryptos-69-most-interesting-charts-from-2021,
https://paragraph.xyz/@cbventures/a-simple-guide-to-the-web3-stack,
https://paragraph.xyz/@cbventures/reflecting-on-coinbase-ventures-record-year-in-2021,
https://paragraph.xyz/@cbventures/daos-social-networks-that-can-rewire-the-world,
https://paragraph.xyz/@cbventures/scaling-ethereum-and-crypto-for-a-billion-users,
https://paragraph.xyz/@cbventures/coinbase-ventures-2021-q3-activity-and-takeaways,
https://paragraph.xyz/@cbventures/the-coinbase-ventures-guide-to-nfts,
https://paragraph.xyz/@cbventures/loot-project-the-first-community-owned-nft-gaming-platform,
"https://paragraph.xyz/@cbventures/axie-infinity,-yield-guild-games-and-the-play-to-earn-economy",
"https://paragraph.xyz/@cbventures/around-the-block-15-cryptopunks,-the-nft-boom,-and-eip-1559",
https://paragraph.xyz/@cbventures/around-the-block-12-nft-mania,
https://paragraph.xyz/@cbventures/around-the-block-13-on-the-value-and-risks-of-governance-tokens,
https://paragraph.xyz/@cbventures/around-the-block-11-a-snapshot-of-defi-and-two-sides-of-the-crypto-regulatory-spectrum,
https://paragraph.xyz/@cbventures/around-the-block-10-eth-killers-and-new-chains,
https://paragraph.xyz/@cbventures/around-the-block-9-dawn-of-the-defi-protocol-wars,
https://paragraph.xyz/@cbventures/around-the-block-8-the-promise-and-potential-of-synthetic-assets,
https://paragraph.xyz/@cbventures/around-the-block-7-understanding-yield-farming-and-the-latest-developments-in-defi,
"https://paragraph.xyz/@cbventures/around-the-block-6-bitcoins-dominance-alongside-coinbase-customer-behavior,-the-coming-dex-revolution,-and-other-recent-crypto-news",
"https://paragraph.xyz/@cbventures/around-the-block-5-downstream-impacts-of-the-recent-market-crash-on-lending,-stablecoins,-and-defi",
https://paragraph.xyz/@cbventures/around-the-block-4-on-the-recent-market-crash-and-bitcoins-value-proposition,
"https://paragraph.xyz/@cbventures/around-the-block-3-analysis-on-the-bzx-attack,-defi-vulnerabilities,-the-state-of-debit-cards-in-crypto,-and-other-crypto-news",
https://paragraph.xyz/@cbventures/around-the-block-2-things-you-need-to-know-about-the-bitcoin-halving-and-ethereums-competitors-nearing-launch,
https://hackmd.io/@EspressoSystems/rJCMloO6p,
https://archetype.mirror.xyz/LNgRLem1I27s3Aj0kOChnwG-4bFBdywkJNFtJ7zcX8w,
https://hackmd.io/@ttsao/ByO9D-Uaa,
https://hackmd.io/@EspressoSystems/hotshot-and-tendermint,https://twitter.com/EspressoSys/status/1766874882984264022
https://www.paradigm.xyz/2024/03/reth-beta,
https://brokkrfinance.medium.com/locking-liquidity-hook-for-univ4-builders-perspective-44e192eefe1f,
https://brokkrfinance.medium.com/dynamic-fees-by-volume-uniswapv4-hook-072d3dcfac2d,
https://brokkrfinance.medium.com/liquidity-management-uniswapv4-hook-ba26321f1f99,
https://medium.com/@auralshin/harnessing-the-power-of-uniswap-v4-hooks-an-ocean-of-possibilities-for-developers-18b79ba0e67,
https://medium.com/coinmonks/uniswap-v4-what-you-need-to-know-f6c9d54d59eb,
https://medium.com/@umbrellaresearch/uniswap-v4-hooks-a-deep-dive-with-captain-hook-i-6be5d1677539,
https://blog.uniswap.org/uniswap-v4,
https://paragraph.xyz/@blueyard/how-ethereum-can-solve-l2-liquidity-fragmentation,https://mteam.space/eth-sequencing-preconfs-resources/based_rollups.html
https://hackmd.io/@EspressoSystems/BasedEspresso,https://mteam.space/eth-sequencing-preconfs-resources/based_rollups.html
https://ethresear.ch/t/based-rollups-can-reward-proposers-first-come-first-serve/18317,https://mteam.space/eth-sequencing-preconfs-resources/based_rollups.html
https://ethresear.ch/t/transaction-submission-on-based-rollups/18631,https://mteam.space/eth-sequencing-preconfs-resources/based_rollups.html
https://taiko.mirror.xyz/7dfMydX1FqEx9_sOvhRt3V8hJksKSIWjzhCVu7FyMZU,https://mteam.space/eth-sequencing-preconfs-resources/based_rollups.html
https://taiko.mirror.xyz/Z4I5ZhreGkyfdaL5I9P0Rj0DNX4zaWFmcws-0CVMJ2A,https://mteam.space/eth-sequencing-preconfs-resources/based_rollups.html
https://taiko.mirror.xyz/anPjF35Mrc_xzYgOTbUmfjr_MlhE3L8ZBZIxqmz9GZ8,https://mteam.space/eth-sequencing-preconfs-resources/based_rollups.html
https://taiko.mirror.xyz/VjNjFws6OOVez5YCDMwjy4BUiDqZBHYDvcW4-JZGDkc,https://mteam.space/eth-sequencing-preconfs-resources/based_rollups.html
https://ethresear.ch/t/unified-endgame-rollup-requirements/18733,https://mteam.space/eth-sequencing-preconfs-resources/based_rollups.html
https://www.helius.dev/blog/solana-mev-an-introduction,
https://www.v4-by-example.org/,
https://docs.uniswapfoundation.org/,
https://mirror.xyz/0xfa892B19c72c2D2C6B10dFce8Ff8E7a955b58A61/TXMyZhhRFa-bjr7YHwmJpKBwt2-_ysirbh_VpNy3qZY,https://mteam.space/eth-sequencing-preconfs-resources/based_rollups.html
https://mirror.xyz/tumilet.eth/309o294dI38nETEUhF6Yjk8zH6smoa1rqaqv5jFbCjg,
https://mirror.xyz/veryearly.eth/n7i4f62CnvlPW7icpWkBwwAAlRjK213xgXuYNGGcM_I,
https://mirror.xyz/veryearly.eth/3aqUPww4ZRymFk1ubFE0R8ihq8eU843Cm0tVUMnPKmI,
https://mirror.xyz/veryearly.eth/7XbydWKgBfZc2HHbRNHae5DRIokExrK-7FoN6V3P4jI,
https://mirror.xyz/veryearly.eth/D5U7GE7NpJcVr4G8MUcYNRaj47xFms2zbv04JXHyTsI,
https://medium.com/numerai/alien-stock-market-intelligence-numerais-true-contribution-6bc7652bd6ac,
https://medium.com/numerai/numerai-outperforms-market-neutral-hedge-funds-by-29-raises-up-to-150m-9df9a0ce642,
https://medium.com/numerai/numerais-super-massive-data-release-d3ca4a7a5feb,
https://medium.com/numerai/building-the-last-hedge-fund-introducing-numerai-signals-12de26dfa69c,
https://medium.com/numerai/building-the-numerai-network-af733c29d56f,
https://medium.com/numerai/a-new-data-science-competition-where-being-different-pays-251c2aecc40a,
https://medium.com/numerai/achieving-meta-model-supremacy-at-numerai-9ca3abeef98a,
https://medium.com/numerai/invisible-super-intelligence-for-the-stock-market-3c64b57b244c,
https://medium.com/numerai/introducing-numerai-grandmasters-d02ec45df312,
https://ethresear.ch/t/eip-7623-increase-calldata-cost/19002,
https://lambert-guillaume.medium.com/uniswap-v3-lp-tokens-as-perpetual-put-and-call-options-5b66219db827,
https://lambert-guillaume.medium.com/designing-a-constant-volatility-amm-e167278b5d61,
https://lambert-guillaume.medium.com/gamma-transforms-how-to-hedge-squeeth-using-uni-v3-da785cb8b378,
https://lambert-guillaume.medium.com/how-to-deploy-delta-neutral-liquidity-in-uniswap-or-why-euler-finance-is-a-game-changer-for-lps-1d91efe1e8ac,
https://lambert-guillaume.medium.com/on-chain-volatility-and-uniswap-v3-d031b98143d1,
https://lambert-guillaume.medium.com/pricing-uniswap-v3-lp-positions-towards-a-new-options-paradigm-dce3e3b50125,
https://lambert-guillaume.medium.com/an-analysis-of-the-expected-value-of-the-impermanent-loss-in-uniswap-bfbfebbefed2,
https://lambert-guillaume.medium.com/a-guide-for-choosing-optimal-uniswap-v3-lp-positions-part-2-4a94b0a12886,
https://lambert-guillaume.medium.com/how-to-create-a-perpetual-options-in-uniswap-v3-3c40007ccf1,
https://lambert-guillaume.medium.com/a-guide-for-choosing-optimal-uniswap-v3-lp-positions-part-1-842b470d2261,
https://lambert-guillaume.medium.com/understanding-the-value-of-uniswap-v3-liquidity-positions-cdaaee127fe7,
https://blog.uniswap.org/layer-2-be-or-layer-not-2-be,https://twitter.com/Uniswap/status/1768650065373982779
https://hackmd.io/@ttsao/Bkg53AHAT,https://twitter.com/terencechain/status/1769752303601586375
https://nader.substack.com/p/beyond-restaking-eigenlayer-for-developers,
https://medium.com/connext/optimistic-bridges-fb800dc7b0e0,
https://medium.com/@dymension/introducing-fraud-proofs-with-dymension-rollapp-standards-f68f7d323d7a,
https://medium.com/@dymension/the-rollapp-draft-bringing-rollapps-to-mainnet-2ee1fc6f9873,
https://medium.com/@dymension/genesis-rolldrop-the-first-rolldrop-season-219c8b5ea16e,
https://medium.com/@dymension/presenting-dymension-c2679116d074,
https://medium.com/@dymension/froopyland-is-live-8bf21e9d7046,
https://medium.com/@dymension/froopyland-incentivized-testnet-e407b5f6d4f5,
https://medium.com/@dymension/rollapp-economics-and-governance-cbbebe048f38,
https://medium.com/@dymension/dymension-35-c-4dc8ac1c987c,
https://paraswap.medium.com/announcing-paraswap-v6-and-the-dawn-of-decentralized-intents-ad4eef0e9b3f,
https://cumberland.io/insights/research/the-market-potential-for-tokenized-money-funds,
https://cumberland.io/insights/research/,
https://cumberland.io/insights/research/dydx-first-mover-advantage,
https://cumberland.io/insights/research/a-primer-in-shanghai-fork-eth-withdrawals,
https://cumberland.io/insights/research/growth-potential-non-usd-stablecoins,
https://cumberland.io/insights/research/polygon-onboarding-the-next-wave,
https://cumberland.io/insights/research/the-ethereum-merge-derivative-market-opportunities-changes-to-supply-demand-dynamics,
https://cumberland.io/insights/research/valuing-ethereum-into-the-merge,
https://cumberland.io/insights/research/crypto-insights-weighing-the-ultimate-blockchain-endgame,
https://blog.smlxl.io/defi-lending-concepts-part-1-lending-and-borrowing-f646d6a08dd7,https://twitter.com/jeffsecurity/status/1769308859976278287
https://blog.smlxl.io/defi-lending-concepts-part-2-liquidations-7f0f0ffec96c,https://twitter.com/jeffsecurity/status/1769308859976278287
https://blog.smlxl.io/defi-lending-concepts-part-3-rewards-2fc87e78e9c4,https://twitter.com/jeffsecurity/status/1769308859976278287
https://hackmd.io/@0xtrojan/bullshark_poh,https://www.twitter.com/unlock_VALue
https://docs.google.com/presentation/d/13-hpqh61xojvG7cEQfPzBSIIBrZNyTwzJRRx7cc3Jvk/edit#slide=id.p,https://www.twitter.com/unlock_VALue
https://docs.google.com/presentation/d/1IU1ZJ19Ez98hq9NesSvuH8sx0hhYVzB5HuGa5BCocZ4/edit#slide=id.g161470a4ae0_0_103,https://www.twitter.com/unlock_VALue
https://www.zellic.io/blog/what-is-a-zk-audit/,https://twitter.com/zellic_io/status/1750638776215621971
https://sequence.xyz/blog/compressing-calldata,
https://hackmd.io/@HaydenAdams/HJ9jLsfTz,https://risencrypto.github.io/
https://pages.near.org/blog/unlocking-web3-usability-with-account-aggregation/,https://x.com/ilblackdragon/status/1758167667221975179?s=46&t=LTSoDWXLa08Oi2VCOCK2Yg
https://hackmd.io/@dataalways/HkUH7hZ26,
https://hackmd.io/@dataalways/latency-is-money,https://twitter.com/Data_Always/status/1761116862320968078
https://www.binance.com/en/research/analysis/the-hitchhikers-guide-to-restaking,
https://www.michaeldempsey.me/blog/2024/02/29/expected-value-in-crypto-building-infinite-blockspace/,https://twitter.com/mhdempsey/status/1763239426509906289
https://docs.google.com/document/d/164md3gowieQUIQLUIedQxrxsZEtpPZgDWkJVU4Lh_sA/edit,https://mteam.space/eth-sequencing-preconfs-resources/based_rollups.html
https://docs.google.com/document/d/1wFbMPaRwas17bUXzE14ogY6t_6LFq47Tn54jCodnTnU/edit#heading=h.2whbk0my4lq5,https://mteam.space/eth-sequencing-preconfs-resources/based_rollups.html
https://docs.google.com/document/d/1hWJU20EwQT3K3uB3GiwDsFlsK3uKuJX20noAN7ZqreA/edit#heading=h.vgtpguw4j8ac,https://mteam.space/eth-sequencing-preconfs-resources/based_rollups.html
https://docs.google.com/presentation/d/1v429N4jdikMIWWkcVwfjMlV2LlOXSawFCMKoBnZVDNU/edit#slide=id.p,https://mteam.space/eth-sequencing-preconfs-resources/based_rollups.html
https://docs.google.com/document/d/1FG3nKQdUNb_YHCp_IzSDkC_r7A6HOT11O2YNUjCX-6s/edit,https://mteam.space/eth-sequencing-preconfs-resources/based_rollups.html
https://docs.google.com/document/d/1FG3nKQdUNb_YHCp_IzSDkC_r7A6HOT11O2YNUjCX-6s/edit#heading=h.2whbk0my4lq5,https://mteam.space/eth-sequencing-preconfs-resources/based_rollups.html
https://docs.google.com/document/d/1hWJU20EwQT3K3uB3GiwDsFlsK3uKuJX20noAN7ZqreA/edit#heading=h.t05ohw2s42hv,https://mteam.space/eth-sequencing-preconfs-resources/based_rollups.html
https://uniswaphooks.com/blog/getting-started-with-v4-template,
https://indexcoop.com/blog/pre-sale-prt-hyeth,
https://www.lavanet.xyz/blog/introducing-magma-pointshttps://www.lavanet.xyz/blog/introducing-magma-points,
https://www.lavanet.xyz/blog/lava-raises-15m-seed-round,
https://www.lavanet.xyz/blog/how-to-change-rpc-magma,
https://www.lavanet.xyz/blog/lava-kyve,
https://www.lavanet.xyz/blog/iprpc-february,
https://www.lavanet.xyz/blog/incentivized-public-rpc-january-update,
https://www.lavanet.xyz/blog/exploring-smart-consistency,
https://www.lavanet.xyz/blog/3-simple-metaphors-what-is-lava,
https://www.lavanet.xyz/blog/technical-advantages-lavas-fast-flexible-scalable-architecture,
https://www.lavanet.xyz/blog/helping-rollups-and-blockchains-scale-with-incentivized-public-rpc,
https://www.lavanet.xyz/blog/lava-goes-modular,
https://www.lavanet.xyz/blog/onboarding-guide-get-paid-to-run-a-near-rpc-node,
https://www.lavanet.xyz/blog/lava-will-partner-with-near-foundation-on-incentivized-public-rpc,
https://www.lavanet.xyz/blog/iprpc-december,
https://www.lavanet.xyz/blog/introducing-constant-availability-on-lava,
https://www.lavanet.xyz/blog/iprpc-november,
https://www.lavanet.xyz/blog/navigating-the-multi-chain-developer-experience,
https://www.lavanet.xyz/blog/guide-to-lava-testnet-phase-2,
https://www.brink.trade/blog/introducing-croutonswap-bringing-intent-based-recurring-swaps-to-defi,
https://www.brink.trade/blog/an-intent-centric-mechanism-for-dollar-cost-averaging,
https://www.brink.trade/blog/powerful-intents-part-2,
https://www.brink.trade/blog/introducing-brink-intents,
https://www.brink.trade/blog/market-making-and-nfts-twitter-spaces-recap,
https://www.brink.trade/blog/brink-smart-contract-release,
https://www.brink.trade/blog/powerful-intents-part-1,
https://www.brink.trade/blog/gas-free-orders-are-the-future-of-defi,
https://www.brink.trade/blog/why-you-shouldnt-care-about-impermanent-loss,
https://www.brink.trade/blog/the-road-to-infinite-genesis-hackathon,
https://medium.com/balancer-protocol/,
https://medium.com/nethermind-eth/,
https://medium.com/numerai/,
https://www.hedged.dev/blog/the_case_for_gas_derivatives,
https://apfikunmi.medium.com/running-a-solana-validator-a95cdfd6488a,https://x.com/hosseeb/status/1785730856159678801?s=46&t=LTSoDWXLa08Oi2VCOCK2Yg
https://archetype.mirror.xyz/0B-qAEvzW5mVo0jYS40sWKlO08BCyuZlc-8Am72JdIo,https://twitter.com/archetypevc/status/1787543661405679700
https://docs.google.com/presentation/d/1dbVDVSu0gQLUZzvEFfz2wu1tKx4kUWgzxATutrn6Rsw/edit#slide=id.p,
https://medium.com/zelos-research/pricing-uniswap-v3-with-stochastic-process-part2-6486d1fe68b2,
https://research.arbitrum.io/t/do-shared-mev-auctions-actually-increase-revenue/9606,https://x.com/edfelten/status/1795775073212940648?s=46&t=LTSoDWXLa08Oi2VCOCK2Yg
https://www.hedged.dev/blog/for-all-intents-and-purposes,
https://www.paradigm.xyz/2024/06/priority-is-all-you-need,https://twitter.com/danrobinson/status/1798041872667148778
