title,article,referrer,release_date,authors
PEPC-DVT: PEPC with no changes to the consensus protocol - Economics - Ethereum Research,https://ethresear.ch/t/pepc-dvt-pepc-with-no-changes-to-the-consensus-protocol/16514,https://www.twitter.com/freddmannen,2023-08-31,https://ethresear.ch/u/diego
Three dichotomies in ePBS - Proof-of-Stake - Ethereum Research,https://ethresear.ch/t/three-dichotomies-in-epbs/16267,https://www.twitter.com/freddmannen,2023-08-03,https://ethresear.ch/u/potuz
Shared sequencer for MEV protection and profitable marketplace - Layer 2 - Ethereum Research,https://ethresear.ch/t/shared-sequencer-for-mev-protection-and-profitable-marketplace/15313,https://www.twitter.com/freddmannen,2023-04-16,https://ethresear.ch/u/0xTariz
Burning MEV through block proposer auctions - Economics - Ethereum Research,https://ethresear.ch/t/burning-mev-through-block-proposer-auctions/14029,https://www.twitter.com/freddmannen,2022-10-26,https://ethresear.ch/u/domothy
Single-slot PBS using attesters as distributed availability oracle - Proof-of-Stake - Ethereum Research,https://ethresear.ch/t/single-slot-pbs-using-attesters-as-distributed-availability-oracle/11877,https://www.twitter.com/freddmannen,2022-01-27,https://ethresear.ch/u/vbuterin
Two-slot proposer/builder separation - Proof-of-Stake - Ethereum Research,https://ethresear.ch/t/two-slot-proposer-builder-separation/10980,https://www.twitter.com/freddmannen,2021-10-10,https://ethresear.ch/u/vbuterin
Timing games in Proof-of-Stake - Economics - Ethereum Research,https://ethresear.ch/t/timing-games-in-proof-of-stake/13980,https://www.twitter.com/freddmannen,2022-10-20,https://ethresear.ch/u/barnabe
Latency arms race concerns in blockspace markets - Economics - Ethereum Research,https://ethresear.ch/t/latency-arms-race-concerns-in-blockspace-markets/14957,https://www.twitter.com/freddmannen,2023-03-03,https://ethresear.ch/u/dcrapis
Unbundling PBS: Towards protocol-enforced proposer commitments (PEPC) - Economics - Ethereum Research,https://ethresear.ch/t/unbundling-pbs-towards-protocol-enforced-proposer-commitments-pepc/13879,https://www.twitter.com/freddmannen,2022-10-08,https://ethresear.ch/u/barnabe
Equivocation attacks in mev-boost and ePBS - Proof-of-Stake - Ethereum Research,https://ethresear.ch/t/equivocation-attacks-in-mev-boost-and-epbs/15338,https://www.twitter.com/freddmannen,2023-04-18,https://ethresear.ch/u/mikeneuder
Why enshrine Proposer-Builder Separation? A viable path to ePBS - Proof-of-Stake - Ethereum Research,https://ethresear.ch/t/why-enshrine-proposer-builder-separation-a-viable-path-to-epbs/15710,https://www.twitter.com/freddmannen,2023-05-25,https://ethresear.ch/u/mikeneuder
Increase the MAX_EFFECTIVE_BALANCE â€“ a modest proposal - Proof-of-Stake - Ethereum Research,https://ethresear.ch/t/increase-the-max-effective-balance-a-modest-proposal/15801,https://www.twitter.com/freddmannen,2023-06-06,https://ethresear.ch/u/mikeneuder
Payload-timeliness committee (PTC) â€“ an ePBS design - Proof-of-Stake - Ethereum Research,https://ethresear.ch/t/payload-timeliness-committee-ptc-an-epbs-design/16054,https://www.twitter.com/freddmannen,2023-07-06,https://ethresear.ch/u/mikeneuder
Relays in a post-ePBS world - Proof-of-Stake - Ethereum Research,https://ethresear.ch/t/relays-in-a-post-epbs-world/16278,https://www.twitter.com/freddmannen,2023-08-04,https://ethresear.ch/u/mikeneuder
Bid cancellations considered harmful - Proof-of-Stake - Ethereum Research,https://ethresear.ch/t/bid-cancellations-considered-harmful/15500,https://www.twitter.com/freddmannen,2023-05-05,https://ethresear.ch/u/mikeneuder
Slashing penalty analysis; EIP-7251 - Economics - Ethereum Research,https://ethresear.ch/t/slashing-penalty-analysis-eip-7251/16509,https://www.twitter.com/freddmannen,2023-08-30,https://ethresear.ch/u/mikeneuder
No free lunch â€“ a new inclusion list design - Proof-of-Stake - Ethereum Research,https://ethresear.ch/t/no-free-lunch-a-new-inclusion-list-design/16389,https://www.twitter.com/freddmannen,2023-08-15,https://ethresear.ch/u/mikeneuder
Non-Expiring Inclusion Lists (NE-ILs) - Proof-of-Stake - Ethereum Research,https://ethresear.ch/t/cumulative-non-expiring-inclusion-lists/16520,https://www.twitter.com/freddmannen,2023-08-31,https://ethresear.ch/u/Nerolation
Estimating inclusion delays for censored transactions - Economics - Ethereum Research,https://ethresear.ch/t/estimating-inclusion-delays-for-censored-transactions/15115,https://www.twitter.com/freddmannen,2023-03-22,https://ethresear.ch/u/soispoke
Game-theoretic Model for MEV-boost Auctions (MMA) ðŸ¥Š - Economics - Ethereum Research,https://ethresear.ch/t/game-theoretic-model-for-mev-boost-auctions-mma/16206,https://www.twitter.com/freddmannen,2023-07-27,https://ethresear.ch/u/soispoke
Empirical analysis of Builders' Behavioral Profiles (BBPs) - Economics - Ethereum Research,https://ethresear.ch/t/empirical-analysis-of-builders-behavioral-profiles-bbps/16327,https://www.twitter.com/freddmannen,2023-08-10,https://ethresear.ch/u/soispoke
,https://drive.google.com/file/d/1M5Y_Dc52O3QTFerEkIRErl4_6ywDB4iq/view,https://www.twitter.com/freddmannen,,
,https://drive.google.com/file/d/1mLrlYTy6SLPVg4by-PJ9wqEuFZJOjhG4/preview,https://www.twitter.com/freddmannen,,
The Merge series (part 3): MEV landscape â€” Rated,https://mirror.xyz/ratedw3b.eth/xltDyY32_xQyDiHHphj230kc0iEQL43Pwb7b6t_fzWQ,https://www.twitter.com/freddmannen,2022-11-21,Rated
MEV Resilient Ethereum - HackMD,https://notes.ethereum.org/@RMFhKOrSSEWxmqjZMOT1Ag/rJb_cq8Co,https://www.twitter.com/freddmannen,,RMFhKOrSSEWxmqjZMOT1Ag
PROF: Fair Transaction-Ordering in a Profit-Seeking World | by IC3 | Medium,https://initc3org.medium.com/prof-fair-transaction-ordering-in-a-profit-seeking-world-b6dadd71f086,https://www.twitter.com/freddmannen,2023-04-17,IC3
Rollups are Real â€” Rollup Economics 2.0,https://davidecrapis.notion.site/Rollups-are-Real-Rollup-Economics-2-0-2516079f62a745b598133a101ba5a3de,https://www.twitter.com/freddmannen,2023/08/13,davidecrapis
"Block Builder Decentralization is coming, but maybe not so soon",https://succulent-throat-0ce.notion.site/Block-Builder-Decentralization-is-coming-but-maybe-not-so-soon-6e54e7d7e1d34d61af55e5d98a51eb8b,https://www.twitter.com/freddmannen,,succulent-throat-0ce
"MEV Driven Centralization in Ethereum: Part 2 | by Simon Brown | Dec, 2022 | Medium",https://succulent-throat-0ce.notion.site/MEV-Driven-Centralization-in-Ethereum-Part-2-by-Simon-Brown-Dec-2022-Medium-507efc380b454791b362dddc7e2e066c,https://www.twitter.com/freddmannen,,succulent-throat-0ce
The MEV Conundrum,https://verilog-solutions.notion.site/The-MEV-Conundrum-6d66001b150148739be14d73a8836903,https://www.twitter.com/freddmannen,,verilog-solutions
PEPC FAQ,https://efdn.notion.site/PEPC-FAQ-0787ba2f77e14efba771ff2d903d67e4,https://www.twitter.com/freddmannen,,efdn
Relays are a Latency Game. | By Alvaro Blazquez and Sachin Lal | by Metrika | Medium,https://blog.metrika.co/relays-are-a-latency-game-303aadb393ce,https://www.twitter.com/freddmannen,2023-03-23,Metrika
"The Little Transaction that Could: Sequencers, MEV, Intents, andâ€¦ â€” Archetype",https://archetype.mirror.xyz/McPqaV9WVyHhky1AAgGyS6DsZ8O0_OIBtED34sWpcUw,https://www.twitter.com/freddmannen,2023-05-31,Archetype
,https://www.galaxy.com/insights/research/mev-the-rise-of-the-builders/,https://www.twitter.com/freddmannen,,
MEV: The First Five Years | James Prestwich | Medium,https://medium.com/@Prestwich/mev-c417d9a5eb3d,https://www.twitter.com/freddmannen,2022-12-26,James Prestwich
MEV: The Next Five Years. Thatâ€™s right I just wonâ€™t shut up | by James Prestwich | Medium,https://medium.com/@Prestwich/mev-the-next-five-years-63f84fffdf36,https://www.twitter.com/freddmannen,2023-01-10,James Prestwich
Decentralized crypto needs you: to be a geographical decentralization maxi - Research - The Flashbots Collective,https://collective.flashbots.net/t/decentralized-crypto-needs-you-to-be-a-geographical-decentralization-maxi/1385,,,
,https://vitalik.ca/general/2017/06/22/marketmakers.html,,,
"order flow, auctions and centralisation I - a warning",https://writings.flashbots.net/order-flow-auctions-and-centralisation,https://www.twitter.com/unlock_VALue,2022-09-12,https://collective.flashbots.net/u/quintus
,https://vitalik.ca/general/2021/12/06/endgame.html,https://www.twitter.com/unlock_VALue,,
,https://vitalik.ca/general/2021/05/23/scaling.html,https://www.twitter.com/unlock_VALue,,
Flashbots: Frontrunning the MEV crisis | Flashbots,https://medium.com/flashbots/frontrunning-the-mev-crisis-40629a613752,https://www.twitter.com/unlock_VALue,2020-11-23,Alex Obadia
The Cost of Resilience,https://writings.flashbots.net/the-cost-of-resilience,https://www.twitter.com/unlock_VALue,2022-11-22,"https://collective.flashbots.net/u/elaine, https://collective.flashbots.net/u/alejo, https://collective.flashbots.net/u/hasu"
The Future of MEV is SUAVE,https://writings.flashbots.net/the-future-of-mev-is-suave,https://www.twitter.com/unlock_VALue,2022-11-23,https://collective.flashbots.net/u/flashbots
MEV Driven Centralization in Ethereum: Part 1 | by Simon Brown | Medium,https://simbro.medium.com/mev-driven-centralization-in-ethereum-ec829a214f18,https://www.twitter.com/unlock_VALue,2022-07-28,Simon Brown
"Running Geth within SGX: Our Experience, Learnings and Code",https://writings.flashbots.net/geth-inside-sgx,https://www.twitter.com/unlock_VALue,2022-12-20,"https://collective.flashbots.net/u/metachris, https://collective.flashbots.net/u/frieder"
Quantifying Info I: Quantifying The Information Leakage of Computing on Encrypted Transactions - Research - The Flashbots Collective,https://collective.flashbots.net/t/quantifying-info-i-quantifying-the-information-leakage-of-computing-on-encrypted-transactions/1752,https://www.twitter.com/unlock_VALue,,
Can First Come First Served-Based Transaction Ordering Prevent Front-Running?,https://writings.flashbots.net/fcfs-and-front-running,https://www.twitter.com/unlock_VALue,2022-09-08,https://collective.flashbots.net/u/ra
Opportunities and Considerations of Ethereumâ€™s Blockspace Future,https://frontier.tech/ethereums-blockspace-future,https://www.twitter.com/barnabemonnot,,by Drew Van der Werff and Alex Matthews of BH Digital in collaboration with Frontier.
A Tale of Two Arbitrages,https://frontier.tech/a-tale-of-two-arbitrages,https://www.twitter.com/unlock_VALue,,"by Eugene Chen of Ellipsis Labs, Alex Toberoff and Suraj Srinivasan of Jump Crypto,  Ankit Chiplunkar of Frontier Research"
Builder Dominance and Searcher Dependence,https://frontier.tech/builder-dominance-and-searcher-dependence,https://www.twitter.com/unlock_VALue,2023-06-13,by Titan in collaboration with Frontier Research
The next steps in DEX design,https://frontier.tech/the-next-steps-in-dex-design,https://www.twitter.com/unlock_VALue,2023-06-02,by Markus Schmitt of PropellerHeads in collaboration with Frontier Research
Exploration of MEV Latencies,https://frontier.tech/exploration-of-mev-latencies,https://www.twitter.com/unlock_VALue,2023-04-26,by 0xTaker in collaboration with Frontier Research
Optimistic relays and where to find them,https://frontier.tech/optimistic-relays-and-where-to-find-them,https://www.twitter.com/unlock_VALue,2023-04-19,by Ankit Chiplunkar of Frontier Research and Mike Neuder of the Ethereum Foundation
The NFT MEV Landscape,https://frontier.tech/the-nft-mev-landscape,https://www.twitter.com/unlock_VALue,2023-03-29,by Alana Levin at Variant Fund in collaboration with Frontier Research
The Orderflow Auction Design Space,https://frontier.tech/the-orderflow-auction-design-space,https://www.twitter.com/unlock_VALue,,by Stephane Gosselin & Ankit Chiplunkar for Frontier Research in collaboration with Consensys Research
Beyond Extraction: The Role of Block Building in the Future of Ethereum,https://frontier.tech/beyond-extraction,https://www.twitter.com/unlock_VALue,,by Drew Van der Werff at Brevan Howard Digital in collaboration with Frontier Research
Unpacking ERC-4337,https://frontier.tech/unpacking-erc-4337,https://www.twitter.com/unlock_VALue,,
MEV-Share: programmably private orderflow to share MEV with users - The Flashbots Ship - The Flashbots Collective,https://collective.flashbots.net/t/mev-share-programmably-private-orderflow-to-share-mev-with-users/1264/1,https://www.twitter.com/unlock_VALue,,
The dream of redistributing the extracted value - Research - The Flashbots Collective,https://collective.flashbots.net/t/the-dream-of-redistributing-the-extracted-value/642,https://www.twitter.com/unlock_VALue,,
Bookmarks relevant for redistribution researchers - #35 by chayoterabit - Research - The Flashbots Collective,https://collective.flashbots.net/t/bookmarks-relevant-for-redistribution-researchers/663/35,https://www.twitter.com/unlock_VALue,,
Bookmarks relevant for redistribution researchers - Research - The Flashbots Collective,https://collective.flashbots.net/t/bookmarks-relevant-for-redistribution-researchers/663,https://www.twitter.com/unlock_VALue,,
Forward inclusion list - HackMD,https://notes.ethereum.org/@fradamt/forward-inclusion-lists,https://www.twitter.com/unlock_VALue,,fradamt
Unified ERC-4337 mempool - HackMD,https://notes.ethereum.org/@yoav/unified-erc-4337-mempool,https://www.twitter.com/unlock_VALue,,yoav
Structuring Blockspace Derivatives â€” Julian Ma,https://mirror.xyz/0x03c29504CEcCa30B93FF5774183a1358D41fbeB1/WKa3GFC03uY34d2MufTyD0c595xVRUEZi9RNG-dHNKs,https://www.twitter.com/unlock_VALue,2022-10-21,Julian Ma
Bookmarks relevant for Proposer-Builder Separation (PBS) researchers - Research - The Flashbots Collective,https://collective.flashbots.net/t/bookmarks-relevant-for-proposer-builder-separation-pbs-researchers/1319,https://www.twitter.com/unlock_VALue,,
Proposer/Builder Separation material - HackMD,https://notes.ethereum.org/@domothy/pbs_links,https://www.twitter.com/unlock_VALue,,domothy
A beginnerâ€™s guide to buying an ENS domain | by Nick Johnson | Medium,https://weka.medium.com/a-beginners-guide-to-buying-an-ens-domain-3ccac2bdc770,https://www.twitter.com/unlock_VALue,2017-05-10,Nick Johnson
"Post mortem: April 3rd, 2023 mev-boost relay incident and related timing issue - The Flashbots Ship - The Flashbots Collective",https://collective.flashbots.net/t/post-mortem-april-3rd-2023-mev-boost-relay-incident-and-related-timing-issue/1540,https://www.twitter.com/unlock_VALue,,
Ideas for Incentivizing Relays - #4 by dmarz - Relays - The Flashbots Collective,https://collective.flashbots.net/t/ideas-for-incentivizing-relays/586/4,https://www.twitter.com/unlock_VALue,,
State of research: increasing censorship resistance of transactions under proposer/builder separation (PBS) - HackMD,https://notes.ethereum.org/@vbuterin/pbs_censorship_resistance,https://www.twitter.com/unlock_VALue,,vbuterin
Robust Incentives Group (RIG) â€” Homepage,https://efdn.notion.site/Robust-Incentives-Group-homepage-802339956f2745a5964d8461c5ccef02,https://www.twitter.com/unlock_VALue,,efdn
FRP Year in Review,https://writings.flashbots.net/frp-year-in-review,https://www.twitter.com/unlock_VALue,2023-07-10,https://collective.flashbots.net/u/sarah
,https://www.flashbots.net/mev-sbc-workshop,https://www.twitter.com/unlock_VALue,,
,https://thedefiant.io/worldcoin-ai-privacy-orb,https://www.twitter.com/unlock_VALue,,
Redefining Sequencers: Understanding the Aggregator and the Header Producer | by NashQ | Medium,https://medium.com/@nashqueue/redefining-sequencers-understanding-the-aggregator-and-the-header-producer-76ee198dd4,https://www.twitter.com/unlock_VALue,2023-07-12,NashQ
Backrunning Private Transactions Using Multi-Party Computation,https://writings.flashbots.net/backrunning-private-txs-MPC,https://www.twitter.com/unlock_VALue,2023-02-27,https://collective.flashbots.net/u/ra
,https://www.iexexchange.io/technology,https://www.twitter.com/unlock_VALue,,
"The MEVM, SUAVE Centauri, and Beyond",https://writings.flashbots.net/mevm-suave-centauri-and-beyond,https://www.twitter.com/unlock_VALue,2023-07-13,https://collective.flashbots.net/u/robert
Risk Management Case Study: Agora / Metis | by Gauntlet | Gauntlet | Medium,https://medium.com/gauntlet-networks/risk-management-case-study-agora-metis-9a304ce46de0,https://www.twitter.com/unlock_VALue,2023-07-13,Gauntlet
Modular Searcher Design: A Framework for Building Searchers â€” Taker,https://mirror.xyz/0x00000a2A02540A0D92e209F9f5F7e104745e06Ba/hB-XeiOfkV5neiwX34lBD0uLHlWdefbGX6oBz1B4o7w,https://www.twitter.com/unlock_VALue,2023-06-13,Taker
,https://vitalik.ca/general/2023/05/21/dont_overload.html,https://www.twitter.com/unlock_VALue,,
,https://drive.google.com/file/d/1qxJJf2Jsz3LJ3l__x4GVNBui6TvfJoYh/view,https://www.twitter.com/unlock_VALue,,
,https://vitalik.ca/general/2020/09/11/coordination.html,https://www.twitter.com/unlock_VALue,,
"Ethereum is game-changing technology, literally. | by Virgil Griffith | Medium",https://medium.com/@virgilgr/ethereum-is-game-changing-technology-literally-d67e01a01cf8,https://www.twitter.com/unlock_VALue,2019-03-29,Virgil Griffith
"FRP-23: Constant Function Market Making, Social Welfare and Maximal Extractable Value - FRPs - Flashbots Research Proposals - The Flashbots Collective",https://collective.flashbots.net/t/frp-23-constant-function-market-making-social-welfare-and-maximal-extractable-value/752,https://www.twitter.com/unlock_VALue,,
Why Cryptoeconomics and X-Risk Researchers Should Listen to Each Other More | by Vitalik Buterin | Medium,https://medium.com/@VitalikButerin/why-cryptoeconomics-and-x-risk-researchers-should-listen-to-each-other-more-a2db72b3e86b,https://www.twitter.com/unlock_VALue,2016-07-05,Vitalik Buterin
FRP-26: Credible Commitments via Open Games - FRPs - Flashbots Research Proposals - The Flashbots Collective,https://collective.flashbots.net/t/frp-26-credible-commitments-via-open-games/1616,https://www.twitter.com/unlock_VALue,,
FRP-28: Contingent Fees in Order Flow Auctions - FRPs - Flashbots Research Proposals - The Flashbots Collective,https://collective.flashbots.net/t/frp-28-contingent-fees-in-order-flow-auctions/1594,https://www.twitter.com/unlock_VALue,,
"MEVâ€¦ do this.. MEV is not inevitable, it is a networkâ€¦ | by Pmcgoohan | Medium",https://pmcgoohan.medium.com/mev-do-this-beb2754bca63,https://www.twitter.com/unlock_VALue,2021-04-28,Pmcgoohan
Presenting: VeeDo. a STARK-based VDF Service | by StarkWare | StarkWare | Medium,https://medium.com/starkware/presenting-veedo-e4bbff77c7ae,https://www.twitter.com/unlock_VALue,2020-06-23,StarkWare
Introducing the UniswapX Protocol,https://blog.uniswap.org/uniswapx-protocol,https://www.twitter.com/unlock_VALue,2023-07-17,
Will the real MEV please stand up? - Data - The Flashbots Collective,https://collective.flashbots.net/t/will-the-real-mev-please-stand-up/1686,https://www.twitter.com/unlock_VALue,,
,https://openreview.net/forum?id=9i7Sf1aRYq,https://www.twitter.com/unlock_VALue,,
Block vs. Slot Auction PBS â€” Julian Ma,https://mirror.xyz/0x03c29504CEcCa30B93FF5774183a1358D41fbeB1/CPYI91s98cp9zKFkanKs_qotYzw09kWvouaAa9GXBrQ,https://www.twitter.com/unlock_VALue,2022-12-14,Julian Ma
Cross-chain Auctions via Bitcoin Double Spends | by James Prestwich | Summa | Medium,https://medium.com/summa-technology/summa-auction-bitcoin-technical-7344096498f2,https://www.twitter.com/unlock_VALue,2018-11-17,James Prestwich
"New D-Limit Functionality, New D-Limit Optionality",https://www.iex.io/article/new-d-limit-functionality-new-d-limit-optionality,https://www.twitter.com/unlock_VALue,2023-02-28,Matt Weinberg - Head of Business Development
Itâ€™s time to talk about DeFiâ€™s risk management problems. â€” Morpho,https://morpho.mirror.xyz/F652srnxjv4qsIEHLUrDwOvrYgXU8p0io2cNogb2BJY,https://www.twitter.com/unlock_VALue,2023-08-16,Morpho
"order flow, auctions and centralisation II - order flow auctions",https://writings.flashbots.net/order-flow-auctions-and-centralisation-II,https://www.twitter.com/unlock_VALue,2022-09-19,https://collective.flashbots.net/u/quintus
Discrimination of Toxic Flow in Uniswap V3: Part 1 | by CrocSwap | Medium,https://crocswap.medium.com/discrimination-of-toxic-flow-in-uniswap-v3-part-1-fb5b6e01398b,https://www.twitter.com/unlock_VALue,2023-02-02,CrocSwap
Discrimination of Toxic Flow in Uniswap V3: Part 2 | by CrocSwap | Medium,https://crocswap.medium.com/discrimination-of-toxic-flow-in-uniswap-v3-part-2-21d84aaa33f5,https://www.twitter.com/unlock_VALue,2023-02-06,CrocSwap
Discrimination of Toxic Flow in Uniswap V3: Part 3 | by CrocSwap | Medium,https://crocswap.medium.com/discrimination-of-toxic-flow-in-uniswap-v3-part-3-4afb386311c0,https://www.twitter.com/unlock_VALue,2023-02-27,CrocSwap
Discrimination of Toxic Flow in Uniswap V3: Part 4 | by CrocSwap | Medium,https://crocswap.medium.com/discrimination-of-toxic-flow-in-uniswap-v3-part-4-c09656ec016e,https://www.twitter.com/unlock_VALue,2023-03-10,CrocSwap
"Flashbots Transparency Report: SUAVE Centauri, MEV-Share CTF, PBS Guild & EthCC - The Flashbots Ship - The Flashbots Collective",https://collective.flashbots.net/t/flashbots-transparency-report-suave-centauri-mev-share-ctf-and-pbs-guild/2264,https://www.twitter.com/unlock_VALue,,
"Batching, Bidding and Latency",https://flashbots.notion.site/Batching-Bidding-and-Latency-db23db03ca4745df9409289283cd4d1b,https://www.twitter.com/unlock_VALue,,flashbots
Uniswap v4 TWAMM Hook,https://blog.uniswap.org/v4-twamm-hook,https://www.twitter.com/unlock_VALue,2023-08-24,
Protocol Mechanism (nftperp V2),https://nftperp.notion.site/Protocol-Mechanism-nftperp-V2-8e4cb30f08b94aa2a576097a5008df24,https://www.twitter.com/unlock_VALue,,nftperp
Wintermute DeFi Governance Digest â€” September 2023 | Week 1 | by Callen | Wintermute | Medium,https://medium.com/wintermute-trading/wintermute-defi-governance-digest-september-2023-week-1-cb4fc6c24db2,https://www.twitter.com/unlock_VALue,2023-09-04,Callen
Why Exchange Rebate Tiers Are Anti-Competitive,https://www.iex.io/article/why-exchange-rebate-tiers-are-anti-competitive,https://www.twitter.com/unlock_VALue,2023-06-27,John Ramsay - Chief Market Policy Officer
"The Rising Tide of Broker Costs, and the Shrinking Pool of Competitors",https://www.iex.io/article/the-rising-tide-of-broker-costs-and-the-shrinking-pool-of-competitors,https://www.twitter.com/unlock_VALue,2021-06-08,John Ramsay - Chief Market Policy Officer
The Comment Letters Are In. Here's What They Actually Say.,https://www.iex.io/article/the-comment-letters-are-in-heres-what-they-actually-say,https://www.twitter.com/unlock_VALue,2023-04-20,John Ramsay - Chief Market Policy Officer
The SEC Plan to Light Up Better Prices: Lots Still to Do,https://www.iex.io/article/the-sec-plan-to-light-up-better-prices-lots-still-to-do,https://www.twitter.com/unlock_VALue,2023-03-13,John Ramsay - Chief Market Policy Officer
IEX Exchangeâ€™s Position on the SECâ€™s Proposed Changes to Regulation NMS,https://www.iex.io/article/iex-exchanges-position-on-the-secs-proposed-changes-to-regulation-nms,https://www.twitter.com/unlock_VALue,2023-03-21,John Ramsay - Chief Market Policy Officer
Exploring the Impact of Signal V6 on D-Peg and P-Peg Performance,https://www.iex.io/article/exploring-the-impact-of-signal-v6-on-d-peg-and-p-peg-performance,https://www.twitter.com/unlock_VALue,2023-07-18,Sam Stevens - Head of Business Analytics
Updating the Signal for Todayâ€™s Markets,https://www.iex.io/article/updating-the-signal-for-todays-markets,https://www.twitter.com/unlock_VALue,,
"Flash Boys' exchange IEX ramps up effort to cater to Reddit retail crowd, forms broker commuttee to improve stock-market structure",https://www.iex.io/article/flash-boys-exchange-iex-ramps-up-effort-to-cater-to-reddit-retail-crowd-forms-broker-commuttee-to-improve-stock-market-structure,https://www.twitter.com/unlock_VALue,2021-09-23,MarketWatch - 
"order flow, auctions and centralisation II - order flow auctions",https://writings.flashbots.net/order-flow-auctions-and-centralisation-II/,https://www.twitter.com/unlock_VALue,2022-09-19,https://collective.flashbots.net/u/quintus
Ethereum is a Dark Forest,https://www.paradigm.xyz/2020/08/ethereum-is-a-dark-forest,https://www.twitter.com/unlock_VALue,,
Ethereum Blockspace - Who Gets What and Why,https://www.paradigm.xyz/2021/03/ethereum-blockspace-who-gets-what-and-why,https://www.twitter.com/barnabemonnot,2021-03-25,Georgios Konstantopoulos
Intent-Based Architectures and Their Risks,https://www.paradigm.xyz/2023/06/intents,https://www.twitter.com/unlock_VALue,,
Awesome SGX & TEE on Blockchain - HackMD,https://hackmd.io/@erayack/BJhNZ_l_h,https://www.twitter.com/unlock_VALue,2023-06-21,erayack
"Time, slots, and the ordering of events in Ethereum Proof-of-Stake",https://www.paradigm.xyz/2023/04/mev-boost-ethereum-consensus,https://www.twitter.com/unlock_VALue,,
CredibleCommitments.WTF - HackMD,https://hackmd.io/@sxysun/ccdwtf,https://www.twitter.com/unlock_VALue,2023-05-13,sxysun
Programmable Privacy - HackMD,https://hackmd.io/@sxysun/progpriv,https://www.twitter.com/unlock_VALue,2023-03-15,sxysun
SUAVE Spec - HackMD,https://hackmd.io/@sxysun/suavespec,https://www.twitter.com/barnabemonnot,2023-01-19,sxysun
"Short Note on {Monarch, Moloch, Mafia} Extractable Value - HackMD",https://hackmd.io/@sxysun/short-note-ext,https://www.twitter.com/unlock_VALue,2022-11-06,sxysun
,https://scrt.network/blog/secret-auctions-decentralized-otc-dark-pools/,https://www.twitter.com/unlock_VALue,,
MEV capturing AMM (McAMM) - Applications - Ethereum Research,https://ethresear.ch/t/mev-capturing-amm-mcamm/13336,https://www.twitter.com/unlock_VALue,2022-08-10,https://ethresear.ch/u/josojo
SLOB: Searcher Limit Order Book,https://jumpcrypto.com/writing/searcher-limit-order-book/,https://www.twitter.com/unlock_VALue,2022-04-20,Building_
DERPs: Decentralized Reinsurance Pools,https://jumpcrypto.com/writing/decentralized-reinsurance-pools/,https://www.twitter.com/unlock_VALue,2022-06-21,Building_
MEV is disappearing,https://www.propellerheads.xyz/blog/mev-is-dead-long-live-mev,https://www.twitter.com/unlock_VALue,2023-07-14,Yellow Propeller
MEV burnâ€”a simple design - Economics - Ethereum Research,https://ethresear.ch/t/mev-burn-a-simple-design/15590,https://www.twitter.com/unlock_VALue,2023-05-15,https://ethresear.ch/u/JustinDrake
How much can we constrain builders without bringing back heavy burdens to proposers? - Proof-of-Stake - Ethereum Research,https://ethresear.ch/t/how-much-can-we-constrain-builders-without-bringing-back-heavy-burdens-to-proposers/13808,https://www.twitter.com/unlock_VALue,2022-10-01,https://ethresear.ch/u/vbuterin
Cascading Network Effects on Ethereum's Finality - Consensus - Ethereum Research,https://ethresear.ch/t/cascading-network-effects-on-ethereums-finality/15871,https://www.twitter.com/unlock_VALue,2023-06-13,https://ethresear.ch/u/soispoke
Proposer/block builder separation-friendly fee market designs - Economics - Ethereum Research,https://ethresear.ch/t/proposer-block-builder-separation-friendly-fee-market-designs/9725,https://www.twitter.com/unlock_VALue,2021-06-04,https://ethresear.ch/u/vbuterin
MEV-SGX: A sealed bid MEV auction design - #14 by yoavw - Economics - Ethereum Research,https://ethresear.ch/t/mev-sgx-a-sealed-bid-mev-auction-design/9677/14,https://www.twitter.com/unlock_VALue,2021-06-08,https://ethresear.ch/u/bertmiller
Payload-timeliness committee (PTC) â€“ an ePBS design - #2 by addyxvii - Proof-of-Stake - Ethereum Research,https://ethresear.ch/t/payload-timeliness-committee-ptc-an-epbs-design/16054/2,https://www.twitter.com/unlock_VALue,2023-07-07,https://ethresear.ch/u/mikeneuder
,https://www.mechanism.org/spec/02,https://www.twitter.com/unlock_VALue,,
Unbundling PBS: Towards protocol-enforced proposer commitments (PEPC) - Economics - Ethereum Research,https://ethresear.ch/t/unbundling-pbs-towards-protocol-enforced-proposer-commitments-pepc/13879?u=barnabe,https://www.twitter.com/unlock_VALue,2022-10-08,https://ethresear.ch/u/barnabe
MEV Auctions Will Kill Ethereum - Economics - Ethereum Research,https://ethresear.ch/t/mev-auctions-will-kill-ethereum/9060,https://www.twitter.com/unlock_VALue,2021-03-31,https://ethresear.ch/u/pmcgoohan
mev [re]search-athon ([sign up](https://lu.ma/bs3kx2pr)) - HackMD,https://hackmd.io/@Carboclanc/H1ZvjQmAj,https://www.twitter.com/unlock_VALue,2023-02-22,Carboclanc
AugmentHack - HackMD,https://hackmd.io/@sxysun/hackideas,https://www.twitter.com/unlock_VALue,2023-07-18,sxysun
Why AI? - HackMD,https://hackmd.io/@sxysun/crypto-ai,https://www.twitter.com/unlock_VALue,2023-05-18,sxysun
Why Cooperative AI and Blockchain Researchers Should Collaborate - HackMD,https://hackmd.io/@sxysun/coopaimev,https://www.twitter.com/unlock_VALue,2023-05-18,sxysun
Blockchain in the age of LLMs,https://www.propellerheads.xyz/blog/blockchain-and-llms,https://www.twitter.com/unlock_VALue,2023-07-14,Yellow Propeller
Survey: What the Buyside Really Thinks About the SECâ€™s Reg NMS Proposal,https://www.iex.io/article/survey-what-the-buyside-really-thinks-about-the-secs-reg-nms-proposal?utm_source=twitter&utm_medium=blog&utm_campaign=buyside_survey&utm_id=marketstructure&utm_term=exchange,https://www.twitter.com/unlock_VALue,2023-06-05,"Ronan Ryan - Co- Founder and President, IEX Exchange"
LVR-minimization in Uniswap V4 - Decentralized exchanges - Ethereum Research,https://ethresear.ch/t/lvr-minimization-in-uniswap-v4/15900,https://www.twitter.com/unlock_VALue,2023-06-16,https://ethresear.ch/u/The-CTra1n
Unbundling PBS: Towards protocol-enforced proposer commitments (PEPC) - #4 by barnabe - Economics - Ethereum Research,https://ethresear.ch/t/unbundling-pbs-towards-protocol-enforced-proposer-commitments-pepc/13879/4?u=barnabe,https://www.twitter.com/unlock_VALue,2022-10-16,https://ethresear.ch/u/barnabe
The Open Problems of Onchain Games,https://www.paradigm.xyz/2023/08/onchain-games,https://www.twitter.com/unlock_VALue,,
Breaking Down the SEC Plan on Exchange Fees,https://www.iex.io/article/breaking-down-the-sec-plan-on-exchange-fees,https://www.twitter.com/unlock_VALue,2023-02-21,John Ramsay - Chief Market Policy Officer
On the impossibility of stateless blockchains,https://a16zcrypto.com/posts/article/on-the-impossibility-of-stateless-blockchains/,https://www.twitter.com/unlock_VALue,,
Strong Builder Identity for Combating Builder Imposter Attacks - Cryptography - Ethereum Research,https://ethresear.ch/t/strong-builder-identity-for-combating-builder-imposter-attacks/16550,https://www.twitter.com/unlock_VALue,2023-09-05,https://ethresear.ch/u/MaxResnick
,https://www.iosco.org/library/pubdocs/pdf/IOSCOPD744.pdf,https://www.twitter.com/freddmannen,,
Borderless Ethereum - Measuring the geographical distribution of validators - Projects - Lido Governance,https://research.lido.fi/t/borderless-ethereum-measuring-the-geographical-distribution-of-validators/4472,https://www.twitter.com/unlock_VALue,,
Towards an intent-centric topology [draft] - Comparative Architecture - Anoma | Research & Development Forum,https://research.anoma.net/t/towards-an-intent-centric-topology-draft/214,https://www.twitter.com/barnabemonnot,,
Shutterized Beacon Chain - Execution Layer Research - Ethereum Research,https://ethresear.ch/t/shutterized-beacon-chain/12249,https://www.twitter.com/barnabemonnot,2022-03-24,https://ethresear.ch/u/cducrest
,https://osmosis.zone/blog/protocol-owned-builders-the-future-of-sovereign-cosmos-mev,https://www.twitter.com/barnabemonnot,,
MEV Markets Part 1: Proof of Work â€” 0xShitTrader,https://mirror.xyz/0xshittrader.eth/WiV8DM3I6abNMVsXf-DqioYb2NglnfjmM-zSsw2ruG8,https://twitter.com/0xTaker,2022-08-26,0xShitTrader
MEV Markets Part 2: Proof of Stake â€” 0xShitTrader,https://mirror.xyz/0xshittrader.eth/c6J_PCK87K3joTWmLEtG6qVN6BFXLBZxQniReYSEjLI,https://twitter.com/0xTaker,2022-08-29,0xShitTrader
MEV Markets Part 3: Payment for Order Flow â€” 0xShitTrader,https://mirror.xyz/0xshittrader.eth/f2VSuoZ91vAbCv82MtWM-Gosyf_DeUXfPlDx3EYV3RM,https://twitter.com/0xTaker,2022-08-31,0xShitTrader
,https://docs.google.com/presentation/d/1F0v0cnLIxJ5ZbBTmUHjoeyw23U9zDYlo/edit,https://www.twitter.com/unlock_VALue,,
,https://insights.deribit.com/market-research/analysis-of-eip-2593-escalator/,https://www.twitter.com/unlock_VALue,,
,https://eips.ethereum.org/EIPS/eip-2938,https://www.twitter.com/unlock_VALue,,
Notes on Proposer-Builder Separation (PBS),https://barnabe.substack.com/p/pbs,https://www.twitter.com/unlock_VALue,2022-11-08,BarnabÃ© Monnot
,https://www.ddmckinnon.com/2022/11/27/all-is-fair-in-arb-and-mev-on-avalanche-c-chain/,https://www.twitter.com/unlock_VALue,,
,https://hackingdistributed.com/2017/08/13/cost-of-decent/,https://twitter.com/0xTaker,,
,https://bertcmiller.com/2021/09/05/mev-synthetix.html,https://twitter.com/0xTaker,,
Order Flows: Kingmaker of the Block Builders ðŸ‘‘,https://noxx.substack.com/p/order-flows-kingmaker-of-the-block,https://twitter.com/0xTaker,2022-09-01,noxx
"DEX Arbitrage, Mathematical Optimisations & Me",https://noxx.substack.com/p/dex-arbitrage-mathematical-optimisations,https://twitter.com/0xTaker,2022-08-22,noxx
Designing Multi-Dimensional Blockchain Fee Markets â€” Emperor,https://crypto.mirror.xyz/ztCt3eXw-wCEwqBE6xCRTf-bZleezhyuW3ubxohYbBQ,https://www.twitter.com/unlock_VALue,2023-09-18,Emperor
Defining the Latencies involved in MEV Strategies â€” Taker,https://taker.mirror.xyz/uYOelwkLc4K7nlo5XV_zpuqsV6MwIMMp-py4e-u4qnE,https://www.twitter.com/unlock_VALue,2023-03-14,Taker
Merge Anniversary - A Year In Review - The Flashbots Ship - The Flashbots Collective,https://collective.flashbots.net/t/merge-anniversary-a-year-in-review/2400,https://www.twitter.com/unlock_VALue,,
"Ethereum Proposer-Builder Separation: Past, Present, and Future â€” Chaskin OnChain",https://mirror.xyz/0x218932707a30bE62Ef8559d32d954863933b412f/MhJM9li409wxuOSYaw5EcLjUQoLSx5iYZXZNgMZU4uM,https://www.twitter.com/unlock_VALue,2023-09-18,Chaskin OnChain
,https://www.steakhouse.financial/projects/stablecoin-manual,https://www.twitter.com/unlock_VALue,,
,https://ipfs.io/ipfs/QmdtK6QQqXBkaBh7bNNKr2FTSwGSPxDMDiCnpR88LMc84d,https://www.twitter.com/unlock_VALue,,
,https://coinmarketcap.com/alexandria/article/xangle-eip4844-and-its-impact-on-rollup-economics,https://twitter.com/Freddmannen,,
Quantifying MEV: Introducing MEV-Explore v0 | by Alex Obadia | Flashbots | Medium,https://medium.com/flashbots/quantifying-mev-introducing-mev-explore-v0-5ccbee0f6d02,https://twitter.com/Freddmannen,2021-02-22,Alex Obadia
MEV Auction: Auctioning transaction ordering rights as a solution to Miner Extractable Value - Economics - Ethereum Research,https://ethresear.ch/t/mev-auction-auctioning-transaction-ordering-rights-as-a-solution-to-miner-extractable-value/6788,https://twitter.com/Freddmannen,2020-01-15,https://ethresear.ch/u/karl
Spam resistant block creator selection via burn auction - Miscellaneous - Ethereum Research,https://ethresear.ch/t/spam-resistant-block-creator-selection-via-burn-auction/5851,https://twitter.com/Freddmannen,2019-07-21,https://ethresear.ch/u/barryWhiteHat
Ethereum is a Dark Forest - Dan Robinson - Medium,https://medium.com/@danrobinson/ethereum-is-a-dark-forest-ecc5f0505dff,https://twitter.com/Freddmannen,2020-08-28,Dan Robinson
Exploring DeFi Trading Strategies: Arbitrage in DeFi | by Alex Obadia | Cambrial Capital | Medium,https://medium.com/cambrial-capital/exploring-defi-trading-strategies-arbitrage-in-defi-7736dc5dd77a,https://twitter.com/Freddmannen,2019-12-13,Alex Obadia
How to munch on pickles from a whale dinner | by Tomasz Mierzwa | Token Flow Insights | Medium,https://medium.com/token-flow-insights/how-to-munch-on-pickles-from-a-whale-dinner-edb5628cc769,https://twitter.com/Freddmannen,2020-09-25,Tomasz Mierzwa
Gas Gambits â€” Game Theory Example of Incentivized Collaboration | by KeeperDAO | KeeperDAO | Medium,https://medium.com/keeperdao/gas-gambits-game-theory-example-of-incentivized-collaboration-9a42e9c9b867,https://twitter.com/Freddmannen,2020-07-27,KeeperDAO
MEV auctions considered harmful. Front-running is a persistent problemâ€¦ | by Ed Felten | Offchain Labs | Medium,https://medium.com/offchainlabs/mev-auctions-considered-harmful-fa72f61a40ea,https://twitter.com/Freddmannen,2020-05-26,Ed Felten
An Incomplete Primer on Intents â€” Emperor,https://crypto.mirror.xyz/Wvzro_O92V5Z_RBfZnZUqdbYC_4X6v2YrBuy9RkZCxo,https://twitter.com/unlock_VALue,2023-09-27,Emperor
,https://academic.oup.com/qje/article/130/4/1547/1916146?login=false,https://twitter.com/Freddmannen,,
,https://signalsandthreads.com/state-machine-replication-and-why-you-should-care/,https://twitter.com/Freddmannen,,
,https://www.binance.com/en/research/analysis/oracle-less-challenging-the-status-quo,https://twitter.com/unlock_VALue,,
,https://www.umbraresearch.xyz/writings/ethereum-supply-chain-part-1,https://twitter.com/Freddmannen,,
,https://blog.mangata.finance/blog/2021-10-10-themis-protocol/,https://twitter.com/uPeterKris,,
Spec'ing out Forward Inclusion-List w/ Dedicated Gas Limits - Block proposer - Ethereum Research,https://ethresear.ch/t/specing-out-forward-inclusion-list-w-dedicated-gas-limits/17115,https://twitter.com/Freddmannen,2023-10-17,https://ethresear.ch/u/terence
Profile - diego - Ethereum Research,https://ethresear.ch/u/diego,https://twitter.com/Freddmannen,,
,https://taiko.mirror.xyz/7dfMydX1FqEx9_sOvhRt3V8hJksKSIWjzhCVu7FyMZ,https://twitter.com/Freddmannen,,
Ending LP's Losing Game: Exploring the Loss-Versus-Rebalancing (â€¦ â€” 0xKeyu ,https://mirror.xyz/0xbdA5bCe76bF62d97D9C9dF0425CC10079Df1aD75/bWOCccjVC7eoYKOzgmjXFdhWDc8rrUL6Yei-eugF52s,https://twitter.com/Freddmannen,2023-10-26,0xKeyu 
Escaping the Dark Forest,https://www.paradigm.xyz/2020/09/escaping-the-dark-forest,https://twitter.com/0x_emperor,2020-09-24,samczsun
MEV-SGX -- A sealed bid MEV auction design,https://writings.flashbots.net/mev-sgx,https://twitter.com/0x_emperor,2021-05-31,https://collective.flashbots.net/u/robert
On the Formalization of MEV,https://writings.flashbots.net/formalization-mev,https://twitter.com/0x_emperor,2021-12-04,https://collective.flashbots.net/u/alejo
MEV in eth2 - an early exploration,https://writings.flashbots.net/mev-eth2,https://twitter.com/0x_emperor,2021-06-09,"https://collective.flashbots.net/u/obadiaa, https://collective.flashbots.net/u/fireball"
MEV and EIP-1559 - HackMD,https://hackmd.io/@flashbots/MEV-1559,https://twitter.com/0x_emperor,2021-07-08,flashbots
MEV-Boost: Merge ready Flashbots Architecture - The Merge - Ethereum Research,https://ethresear.ch/t/mev-boost-merge-ready-flashbots-architecture/11177,https://twitter.com/0x_emperor,2021-11-04,https://ethresear.ch/u/thegostep
Quantifying Total Extracted MEV -- A List of Resources - Research - The Flashbots Collective,https://collective.flashbots.net/t/quantifying-total-extracted-mev-a-list-of-resources/936,https://twitter.com/0x_emperor,,
,https://github.com/flashbots/mev-research,https://twitter.com/0x_emperor,,
Searching Post-Merge,https://writings.flashbots.net/searching-post-merge,https://twitter.com/unlock_VALue,2022-08-25,https://collective.flashbots.net/u/brock
Flashbots Protect -- The Merge & Beyond,https://writings.flashbots.net/flashbots-protect-merge-and-beyond,https://twitter.com/unlock_VALue,2022-08-23,https://collective.flashbots.net/u/angela
Open sourcing the Flashbots Relay,https://writings.flashbots.net/Flashbots-Relay-open-sourcing,https://twitter.com/unlock_VALue,2022-08-17,https://collective.flashbots.net/u/flashbots
Understanding liveness risks from mev-boost,https://writings.flashbots.net/understanding-mev-boost-liveness-risks,https://twitter.com/unlock_VALue,2022-08-05,https://collective.flashbots.net/u/hasu
Boost your MEV in Ethereum proof-of-stake,https://writings.flashbots.net/mev-boost-call-for-testing,https://twitter.com/unlock_VALue,2022-06-20,"https://collective.flashbots.net/u/metachris, https://collective.flashbots.net/u/elopio"
Beginner's Guide to mev-boost,https://writings.flashbots.net/beginners-guide-mevboost,https://twitter.com/unlock_VALue,2022-06-15,https://collective.flashbots.net/u/jolene
Why run mev-boost?,https://writings.flashbots.net/why-run-mevboost,https://twitter.com/unlock_VALue,2022-06-07,"https://collective.flashbots.net/u/hasu, https://collective.flashbots.net/u/thegostep"
The MEV Supply Chain - a peek into the future of this industry,https://writings.flashbots.net/mev-supply-chain,https://twitter.com/unlock_VALue,2022-05-02,https://collective.flashbots.net/u/thegostep
Speeding up the EVM (part 1),https://writings.flashbots.net/speeding-up-evm-part-1,https://twitter.com/unlock_VALue,2022-01-17,https://collective.flashbots.net/u/sxysun
Flashbots Transparency Report â€” Sept-Dec 2021,https://writings.flashbots.net/transparency-21q4,https://twitter.com/unlock_VALue,2022-01-17,https://collective.flashbots.net/u/sxysun
How To Light Up The Dark Forest - A Walkthrough of Building A Cryptopunk MEV Inspector,https://writings.flashbots.net/the-anatomy-of-an-inspector,https://twitter.com/unlock_VALue,2021-12-15,https://collective.flashbots.net/u/robert
Why Building the Most Profitable Block is Important,https://writings.flashbots.net/on-the-most-profitable-block,https://twitter.com/unlock_VALue,2021-12-12,https://collective.flashbots.net/u/robert
Unity is Strength - A Formalization of Cross-Domain Maximal Extractable Value,https://writings.flashbots.net/cross-domain-mev,https://twitter.com/unlock_VALue,2021-12-03,"https://collective.flashbots.net/u/obadiaa, https://collective.flashbots.net/u/alejo, https://collective.flashbots.net/u/lakshman, https://collective.flashbots.net/u/tarun, https://collective.flashbots.net/u/phil, https://collective.flashbots.net/u/vaibhav"
Announcing the Flashbots Eth2 Working Group,https://writings.flashbots.net/announcing-eth2-working-group,https://twitter.com/unlock_VALue,2021-11-30,https://collective.flashbots.net/u/thegostep
Ken Griffin and the MEV dystopia,https://writings.flashbots.net/ken-griffin-mev,https://twitter.com/unlock_VALue,2021-11-22,https://collective.flashbots.net/u/thegostep
MEV-Boost -- Merge ready Flashbots Architecture,https://writings.flashbots.net/mev-boost,https://twitter.com/unlock_VALue,2021-11-03,https://collective.flashbots.net/u/thegostep
Announcing Flashbots Protect,https://writings.flashbots.net/announcing-protect,https://twitter.com/unlock_VALue,2021-10-06,https://collective.flashbots.net/u/robert
Flashbots Transparency Report â€” July & August 2021,https://writings.flashbots.net/transparency-july-august,https://twitter.com/unlock_VALue,2021-09-21,https://collective.flashbots.net/u/robert
On the Design of MEV Marketplaces,https://writings.flashbots.net/design-mev-marketplaces,https://twitter.com/unlock_VALue,2021-08-04,https://collective.flashbots.net/u/robert
MEV and EIP-1559,https://writings.flashbots.net/mev-1559,https://twitter.com/unlock_VALue,2021-07-19,"https://collective.flashbots.net/u/alejo, https://collective.flashbots.net/u/kristof"
Flashbots on Reorgs,https://writings.flashbots.net/flashbots-reorgs,https://twitter.com/unlock_VALue,2021-07-16,https://collective.flashbots.net/u/phil
Flashbots Transparency Report â€” May & June 2021,https://writings.flashbots.net/transparency-may-june,https://twitter.com/unlock_VALue,2021-06-28,https://collective.flashbots.net/u/robert
Quantifying Realized Extractable Value,https://writings.flashbots.net/quantifying-rev,https://twitter.com/unlock_VALue,2021-05-16,https://collective.flashbots.net/u/alejo
Flashbots Transparency Report â€” April 2021,https://writings.flashbots.net/transparency-april,https://twitter.com/unlock_VALue,2021-05-13,https://collective.flashbots.net/u/robert
Flashbots Transparency Report â€” March 2021,https://writings.flashbots.net/transparency-march,https://twitter.com/unlock_VALue,2021-04-12,https://collective.flashbots.net/u/thegostep
Flashbots Transparency Report â€” February 2021,https://writings.flashbots.net/transparency-february,https://twitter.com/unlock_VALue,2021-03-18,https://collective.flashbots.net/u/thegostep
Quantifying MEVâ€”Introducing MEV-Explore v0,https://writings.flashbots.net/quantifying-mev,https://twitter.com/unlock_VALue,2021-02-22,https://collective.flashbots.net/u/obadiaa
Flashbots Transparency Report â€” January 2021,https://writings.flashbots.net/transparency-january,https://twitter.com/unlock_VALue,2021-02-07,https://collective.flashbots.net/u/thegostep
Flashbots -- Frontrunning the MEV crisis,https://writings.flashbots.net/ethr-frontrunning-mev-crisis,https://twitter.com/unlock_VALue,2020-11-23,https://collective.flashbots.net/u/thegostep
Flashbotsâ€”Frontrunning the MEV Crisis,https://writings.flashbots.net/frontrunning-mev-crisis,https://twitter.com/unlock_VALue,2020-11-23,https://collective.flashbots.net/u/obadiaa
Open sourcing the Flashbots MEV-Share Node,https://writings.flashbots.net/open-sourcing-flashbots-mev-share-node,https://twitter.com/unlock_VALue,2023-07-24,https://collective.flashbots.net/u/flashbots
Searching On MEV-Share,https://writings.flashbots.net/searching-on-mev-share,https://twitter.com/unlock_VALue,2023-05-02,"https://collective.flashbots.net/u/brock, https://collective.flashbots.net/u/shea"
Block Building inside SGX,https://writings.flashbots.net/block-building-inside-sgx,https://twitter.com/unlock_VALue,2023-03-03,"https://collective.flashbots.net/u/metachris, https://collective.flashbots.net/u/frieder"
Open sourcing the Flashbots Builder,https://writings.flashbots.net/open-sourcing-the-flashbots-builder,https://twitter.com/unlock_VALue,2022-11-18,https://collective.flashbots.net/u/flashbots
"MEV for the Next Trillion, It's Time to Get Seriousâ€¦",https://writings.flashbots.net/mev-for-the-next-trillion,https://twitter.com/unlock_VALue,2022-10-11,https://collective.flashbots.net/u/flashbots
"MEV 101 : How to dive into MEV | by Titania Research | Dec, 2023 | Medium",https://medium.com/@titania-research/mev-101-how-to-dive-into-mev-53271f888c59,https://twitter.com/unlock_VALue,2023-12-05,Titania Research
"Auctions: context, types of auctions, what is an auction from thâ€¦ â€” Taiko Labs",https://taiko.mirror.xyz/jrb2QKnl6zEgcVciqCzSCJvm-LnDZhBi733IlJdemsY,https://www.twitter.com/unlock_VALue,2023-12-20,Taiko Labs
Learn more about PBS Foundation,https://pbsfoundation.notion.site/Learn-more-about-PBS-Foundation-68382efd786e450f937ab550ffaa4a96,https://www.twitter.com/unlock_VALue,,pbsfoundation
Execution Tickets - Economics - Ethereum Research,https://ethresear.ch/t/execution-tickets/17944,https://www.twitter.com/unlock_VALue,2023-12-23,https://ethresear.ch/u/mikeneuder
"L1s vs. L2s, Rollups vs. Integrated, General-purpose vs. App-specific",https://dba.xyz/l1s-vs-l2s-rollups-vs-integrated-general-purpose-vs-app-specific/,https://www.twitter.com/unlock_VALue,2023-12-08,Jon Charbonneau
Do Rollups Inherit Security?,https://dba.xyz/do-rollups-inherit-security/,https://www.twitter.com/unlock_VALue,2023-10-17,Jon Charbonneau
Endgame: Proof of Governance,https://dba.xyz/endgame-proof-of-governance/,https://www.twitter.com/unlock_VALue,2023-08-07,Jon Charbonneau
The Rollup Multiverse,https://dba.xyz/the-rollup-multiverse/,https://www.twitter.com/unlock_VALue,2023-05-30,Jon Charbonneau
Rollups Are L1s (& L2s),https://dba.xyz/rollups-are-l1s-l2s-a-k-a-how-rollups-actually-actually-actually-work/,https://www.twitter.com/unlock_VALue,2023-05-26,Jon Charbonneau
How To Do Lower-Case r research,https://dba.xyz/how-to-do-lower-case-r-research/,https://www.twitter.com/unlock_VALue,2023-05-01,Jon Charbonneau
"SUAVE, Anoma, Shared Sequencers, & Super Builders",https://dba.xyz/suave-anoma-shared-sequencers-super-builders/,https://www.twitter.com/unlock_VALue,2023-04-26,Jon Charbonneau
Rollups Arenâ€™t Real,https://dba.xyz/rollups-arent-real/,https://www.twitter.com/unlock_VALue,2023-03-18,Jon Charbonneau
Encrypted Mempools,https://dba.xyz/encrypted-mempools/,https://www.twitter.com/unlock_VALue,2023-03-14,Jon Charbonneau
Launching the PBS Foundation: Working Together to Keep Ethereumâ€™s Consensus Layer Decentralized,https://pbsfoundation.notion.site/Launching-the-PBS-Foundation-Working-Together-to-Keep-Ethereum-s-Consensus-Layer-Decentralized-4cd7cb83907248b5ae8962d10eef0b70,https://www.twitter.com/unlock_VALue,,pbsfoundation
,https://bcc-research.github.io/CFMMRouter.jl/dev/,https://twitter.com/OsirisDjed,,
"What might an ""enshrined ZK-EVM"" look like? - HackMD",https://notes.ethereum.org/@vbuterin/enshrined_zk_evm,https://www.twitter.com/unlock_VALue,,vbuterin
"MEV burn: Incentivizing earlier bidding in ""a simple design"" - Proof-of-Stake - Ethereum Research",https://ethresear.ch/t/mev-burn-incentivizing-earlier-bidding-in-a-simple-design/17389,https://twitter.com/Freddmannen,2023-11-11,https://ethresear.ch/u/aelowsson
Minimum Viable Issuance - HackMD,https://notes.ethereum.org/@anderselowsson/MinimumViableIssuance,https://twitter.com/Freddmannen,,anderselowsson
Validator Smoothing Commitments - Proof-of-Stake - Ethereum Research,https://ethresear.ch/t/validator-smoothing-commitments/17356,https://twitter.com/Freddmannen,2023-11-08,https://ethresear.ch/u/jvranek
"MEV & The Evolution of Crypto Exchange: Part I
 â€” Archetype",https://archetype.mirror.xyz/DVJFtcEcdTqk4DxC3VX4McgyjfktXF05pCG1LFtB4-E,https://twitter.com/Freddmannen,2023-11-21,Archetype
PBS censorship-resistance alternatives - HackMD,https://notes.ethereum.org/@fradamt/H1TsYRfJc,https://gist.github.com/michaelneuder/,,fradamt
Forward inclusion list - HackMD,https://notes.ethereum.org/@fradamt/H1ZqdtrBF,https://gist.github.com/michaelneuder/,,fradamt
Fun and games with inclusion lists - Economics - Ethereum Research,https://ethresear.ch/t/fun-and-games-with-inclusion-lists/16557,https://gist.github.com/michaelneuder/,2023-09-06,https://ethresear.ch/u/barnabe
Timing Games: Implications and Possible Mitigations - Proof-of-Stake - Ethereum Research,https://ethresear.ch/t/timing-games-implications-and-possible-mitigations/17612,https://ethresear.ch/u/mikeneuder,2023-12-05,https://ethresear.ch/u/casparschwa
When To Sell Your Blocks - Research - The Flashbots Collective,https://collective.flashbots.net/t/when-to-sell-your-blocks/2814,https://ethresear.ch/u/mikeneuder,,
The Impact of Uniswap X on the DEX Ecosystem â€” Orange Finance,https://mirror.xyz/0x6FA2aF9a4d6fFe654361F713780963C10412e7c3/jMBMzyDROC92wPGr8BHI5GAh0OD-hbwqzQ8PYvyoB3E,https://twitter.com/Freddmannen,2023-11-08,Orange Finance
"An Overview of NFT Financialization | by Fenbushi Capital | åˆ†å¸ƒå¼èµ„æœ¬ | Dec, 2023 | Medium",https://fenbushicapital.medium.com/an-overview-of-nft-financialization-c7bcc4181f35,https://www.twitter.com/unlock_VALue,2023-12-24,Fenbushi Capital | åˆ†å¸ƒå¼èµ„æœ¬
,https://blog.20squares.xyz/mechanics-intent-search-ii/,https://twitter.com/unlock_VALue,,
,https://blog.20squares.xyz/mev-cui-bono/,https://twitter.com/unlock_VALue,,
,https://blog.20squares.xyz/lagrangian-intent-search-i/,https://twitter.com/unlock_VALue,,
Make Ethereum Cypherpunk Again,https://vitalik.eth.limo/general/2023/12/28/cypherpunk.html,https://www.twitter.com/unlock_VALue,2023-12-28,Vitalik Buterin
Exit games for EVM validiums: the return of Plasma,https://vitalik.eth.limo/general/2023/11/14/neoplasma.html,https://www.twitter.com/unlock_VALue,2023-11-14,Vitalik Buterin
Different types of layer 2s,https://vitalik.eth.limo/general/2023/10/31/l2types.html,https://www.twitter.com/unlock_VALue,2023-10-31,Vitalik Buterin
Should Ethereum be okay with enshrining more things in the protocol?,https://vitalik.eth.limo/general/2023/09/30/enshrinement.html,https://www.twitter.com/unlock_VALue,2023-09-30,Vitalik Buterin
What do I think about biometric proof of personhood?,https://vitalik.eth.limo/general/2023/07/24/biometric.html,https://www.twitter.com/unlock_VALue,2023-07-24,Vitalik Buterin
Deeper dive on cross-L2 reading for wallets and other use cases,https://vitalik.eth.limo/general/2023/06/20/deeperdive.html,https://www.twitter.com/unlock_VALue,2023-06-20,Vitalik Buterin
The Three Transitions,https://vitalik.eth.limo/general/2023/06/09/three_transitions.html,https://www.twitter.com/unlock_VALue,2023-06-09,Vitalik Buterin
Don't overload Ethereum's consensus,https://vitalik.eth.limo/general/2023/05/21/dont_overload.html,https://www.twitter.com/unlock_VALue,2023-05-21,Vitalik Buterin
Travel time ~= 750 * distance ^ 0.6,https://vitalik.eth.limo/general/2023/04/14/traveltime.html,https://www.twitter.com/unlock_VALue,2023-04-14,Vitalik Buterin
How will Ethereum's multi-client philosophy interact with ZK-EVMs?,https://vitalik.eth.limo/general/2023/03/31/zkmulticlient.html,https://www.twitter.com/unlock_VALue,2023-03-31,Vitalik Buterin
Some personal user experiences,https://vitalik.eth.limo/general/2023/02/28/ux.html,https://www.twitter.com/unlock_VALue,2023-02-28,Vitalik Buterin
An incomplete guide to stealth addresses,https://vitalik.eth.limo/general/2023/01/20/stealth.html,https://www.twitter.com/unlock_VALue,2023-01-20,Vitalik Buterin
What even is an institution?,https://vitalik.eth.limo/general/2022/12/30/institutions.html,https://www.twitter.com/unlock_VALue,2022-12-30,Vitalik Buterin
What in the Ethereum application ecosystem excites me,https://vitalik.eth.limo/general/2022/12/05/excited.html,https://www.twitter.com/unlock_VALue,2022-12-05,Vitalik Buterin
Having a safe CEX: proof of solvency and beyond,https://vitalik.eth.limo/general/2022/11/19/proof_of_solvency.html,https://www.twitter.com/unlock_VALue,2022-11-19,Vitalik Buterin
The Revenue-Evil Curve: a different way to think about prioritizing public goods funding,https://vitalik.eth.limo/general/2022/10/28/revenue_evil.html,https://www.twitter.com/unlock_VALue,2022-10-28,Vitalik Buterin
DAOs are not corporations: where decentralization in autonomous organizations matters,https://vitalik.eth.limo/general/2022/09/20/daos.html,https://www.twitter.com/unlock_VALue,2022-09-20,Vitalik Buterin
What kind of layer 3s make sense?,https://vitalik.eth.limo/general/2022/09/17/layer_3.html,https://www.twitter.com/unlock_VALue,2022-09-17,Vitalik Buterin
Should there be demand-based recurring fees on ENS domains?,https://vitalik.eth.limo/general/2022/09/09/ens.html,https://www.twitter.com/unlock_VALue,2022-09-09,Vitalik Buterin
The different types of ZK-EVMs,https://vitalik.eth.limo/general/2022/08/04/zkevm.html,https://www.twitter.com/unlock_VALue,2022-08-04,Vitalik Buterin
What do I think about network states?,https://vitalik.eth.limo/general/2022/07/13/networkstates.html,https://www.twitter.com/unlock_VALue,2022-07-13,Vitalik Buterin
Some ways to use ZK-SNARKs for privacy,https://vitalik.eth.limo/general/2022/06/15/using_snarks.html,https://www.twitter.com/unlock_VALue,2022-06-15,Vitalik Buterin
Where to use a blockchain in non-financial applications?,https://vitalik.eth.limo/general/2022/06/12/nonfin.html,https://www.twitter.com/unlock_VALue,2022-06-12,Vitalik Buterin
Two thought experiments to evaluate automated stablecoins,https://vitalik.eth.limo/general/2022/05/25/stable.html,https://www.twitter.com/unlock_VALue,2022-05-25,Vitalik Buterin
In Defense of Bitcoin Maximalism,https://vitalik.eth.limo/general/2022/04/01/maximalist.html,https://www.twitter.com/unlock_VALue,2022-04-01,Vitalik Buterin
The roads not taken,https://vitalik.eth.limo/general/2022/03/29/road.html,https://www.twitter.com/unlock_VALue,2022-03-29,Vitalik Buterin
How do trusted setups work?,https://vitalik.eth.limo/general/2022/03/14/trustedsetup.html,https://www.twitter.com/unlock_VALue,2022-03-14,Vitalik Buterin
Encapsulated vs systemic complexity in protocol design,https://vitalik.eth.limo/general/2022/02/28/complexity.html,https://www.twitter.com/unlock_VALue,2022-02-28,Vitalik Buterin
Soulbound,https://vitalik.eth.limo/general/2022/01/26/soulbound.html,https://www.twitter.com/unlock_VALue,2022-01-26,Vitalik Buterin
The bulldozer vs vetocracy political axis,https://vitalik.eth.limo/general/2021/12/19/bullveto.html,https://www.twitter.com/unlock_VALue,2021-12-19,Vitalik Buterin
Endgame,https://vitalik.eth.limo/general/2021/12/06/endgame.html,https://www.twitter.com/unlock_VALue,2021-12-06,Vitalik Buterin
Review of Optimism retro funding round 1,https://vitalik.eth.limo/general/2021/11/16/retro1.html,https://www.twitter.com/unlock_VALue,2021-11-16,Vitalik Buterin
Halo and more: exploring incremental verification and SNARKs without pairings,https://vitalik.eth.limo/general/2021/11/05/halo.html,https://www.twitter.com/unlock_VALue,2021-11-05,Vitalik Buterin
Crypto Cities,https://vitalik.eth.limo/general/2021/10/31/cities.html,https://www.twitter.com/unlock_VALue,2021-10-31,Vitalik Buterin
On Nathan Schneider on the limits of cryptoeconomics,https://vitalik.eth.limo/general/2021/09/26/limits.html,https://www.twitter.com/unlock_VALue,2021-09-26,Vitalik Buterin
"Alternatives to selling at below-market-clearing prices for achieving fairness (or community sentiment, or fun)",https://vitalik.eth.limo/general/2021/08/22/prices.html,https://www.twitter.com/unlock_VALue,2021-08-22,Vitalik Buterin
Moving beyond coin voting governance,https://vitalik.eth.limo/general/2021/08/16/voting3.html,https://www.twitter.com/unlock_VALue,2021-08-16,Vitalik Buterin
Against overuse of the Gini coefficient,https://vitalik.eth.limo/general/2021/07/29/gini.html,https://www.twitter.com/unlock_VALue,2021-07-29,Vitalik Buterin
Verkle trees,https://vitalik.eth.limo/general/2021/06/18/verkle.html,https://www.twitter.com/unlock_VALue,2021-06-18,Vitalik Buterin
Blockchain voting is overrated among uninformed people but underrated among informed people,https://vitalik.eth.limo/general/2021/05/25/voting2.html,https://www.twitter.com/unlock_VALue,2021-05-25,Vitalik Buterin
The Limits to Blockchain Scalability,https://vitalik.eth.limo/general/2021/05/23/scaling.html,https://www.twitter.com/unlock_VALue,2021-05-23,Vitalik Buterin
Why sharding is great: demystifying the technical properties,https://vitalik.eth.limo/general/2021/04/07/sharding.html,https://www.twitter.com/unlock_VALue,2021-04-07,Vitalik Buterin
The Most Important Scarce Resource is Legitimacy,https://vitalik.eth.limo/general/2021/03/23/legitimacy.html,https://www.twitter.com/unlock_VALue,2021-03-23,Vitalik Buterin
Prediction Markets: Tales from the Election,https://vitalik.eth.limo/general/2021/02/18/election.html,https://www.twitter.com/unlock_VALue,2021-02-18,Vitalik Buterin
An approximate introduction to how zk-SNARKs are possible,https://vitalik.eth.limo/general/2021/01/26/snarks.html,https://www.twitter.com/unlock_VALue,2021-01-26,Vitalik Buterin
Why we need wide adoption of social recovery wallets,https://vitalik.eth.limo/general/2021/01/11/recovery.html,https://www.twitter.com/unlock_VALue,2021-01-11,Vitalik Buterin
An Incomplete Guide to Rollups,https://vitalik.eth.limo/general/2021/01/05/rollup.html,https://www.twitter.com/unlock_VALue,2021-01-05,Vitalik Buterin
Endnotes on 2020: Crypto and Beyond,https://vitalik.eth.limo/general/2020/12/28/endnotes.html,https://www.twitter.com/unlock_VALue,2020-12-28,Vitalik Buterin
Convex and Concave Dispositions,https://vitalik.eth.limo/general/2020/11/08/concave.html,https://www.twitter.com/unlock_VALue,2020-11-08,Vitalik Buterin
Why Proof of Stake (Nov 2020),https://vitalik.eth.limo/general/2020/11/06/pos2020.html,https://www.twitter.com/unlock_VALue,2020-11-06,Vitalik Buterin
"Coordination, Good and Bad",https://vitalik.eth.limo/general/2020/09/11/coordination.html,https://www.twitter.com/unlock_VALue,2020-09-11,Vitalik Buterin
Trust Models,https://vitalik.eth.limo/general/2020/08/20/trust.html,https://www.twitter.com/unlock_VALue,2020-08-20,Vitalik Buterin
A Philosophy of Blockchain Validation,https://vitalik.eth.limo/general/2020/08/17/philosophy.html,https://www.twitter.com/unlock_VALue,2020-08-17,Vitalik Buterin
Exploring Fully Homomorphic Encryption,https://vitalik.eth.limo/general/2020/07/20/homomorphic.html,https://www.twitter.com/unlock_VALue,2020-07-20,Vitalik Buterin
A Quick Garbled Circuits Primer,https://vitalik.eth.limo/general/2020/03/21/garbled.html,https://www.twitter.com/unlock_VALue,2020-03-21,Vitalik Buterin
Base Layers And Functionality Escape Velocity,https://vitalik.eth.limo/general/2019/12/26/mvb.html,https://www.twitter.com/unlock_VALue,2019-12-26,Vitalik Buterin
Christmas Special,https://vitalik.eth.limo/general/2019/12/24/christmas.html,https://www.twitter.com/unlock_VALue,2019-12-24,Vitalik Buterin
Quadratic Payments: A Primer,https://vitalik.eth.limo/general/2019/12/07/quadratic.html,https://www.twitter.com/unlock_VALue,2019-12-07,Vitalik Buterin
,https://vitalik.eth.limo/general/2019/11/22/progress.html,https://www.twitter.com/unlock_VALue,,
In-person meatspace protocol to prove unconditional possession of a private key,https://vitalik.eth.limo/general/2019/10/01/story.html,https://www.twitter.com/unlock_VALue,2019-10-01,Vitalik Buterin
Understanding PLONK,https://vitalik.eth.limo/general/2019/09/22/plonk.html,https://www.twitter.com/unlock_VALue,2019-09-22,Vitalik Buterin
The Dawn of Hybrid Layer 2 Protocols,https://vitalik.eth.limo/general/2019/08/28/hybrid_layer_2.html,https://www.twitter.com/unlock_VALue,2019-08-28,Vitalik Buterin
Sidechains vs Plasma vs Sharding,https://vitalik.eth.limo/general/2019/06/12/plasma_vs_sharding.html,https://www.twitter.com/unlock_VALue,2019-06-12,Vitalik Buterin
Fast Fourier Transforms,https://vitalik.eth.limo/general/2019/05/12/fft.html,https://www.twitter.com/unlock_VALue,2019-05-12,Vitalik Buterin
Control as Liability,https://vitalik.eth.limo/general/2019/05/09/control_as_liability.html,https://www.twitter.com/unlock_VALue,2019-05-09,Vitalik Buterin
On Free Speech,https://vitalik.eth.limo/general/2019/04/16/free_speech.html,https://www.twitter.com/unlock_VALue,2019-04-16,Vitalik Buterin
On Collusion,https://vitalik.eth.limo/general/2019/04/03/collusion.html,https://www.twitter.com/unlock_VALue,2019-04-03,Vitalik Buterin
[Mirror] Cantor was Wrong: debunking the infinite set hierarchy,https://vitalik.eth.limo/general/2019/04/01/cantor.html,https://www.twitter.com/unlock_VALue,2019-04-01,Vitalik Buterin
A CBC Casper Tutorial,https://vitalik.eth.limo/general/2018/12/05/cbc_casper.html,https://www.twitter.com/unlock_VALue,2018-12-05,Vitalik Buterin
[Mirror] Central Planning as Overfitting,https://vitalik.eth.limo/general/2018/11/25/central_planning.html,https://www.twitter.com/unlock_VALue,2018-11-25,Vitalik Buterin
Layer 1 Should Be Innovative in the Short Term but Less in the Long Term,https://vitalik.eth.limo/general/2018/08/26/layer_1.html,https://www.twitter.com/unlock_VALue,2018-08-26,Vitalik Buterin
A Guide to 99% Fault Tolerant Consensus,https://vitalik.eth.limo/general/2018/08/07/99_fault_tolerant.html,https://www.twitter.com/unlock_VALue,2018-08-07,Vitalik Buterin
"STARKs, Part 3: Into the Weeds",https://vitalik.eth.limo/general/2018/07/21/starks_part_3.html,https://www.twitter.com/unlock_VALue,2018-07-21,Vitalik Buterin
On Radical Markets,https://vitalik.eth.limo/general/2018/04/20/radical_markets.html,https://www.twitter.com/unlock_VALue,2018-04-20,Vitalik Buterin
"Governance, Part 2: Plutocracy Is Still Bad",https://vitalik.eth.limo/general/2018/03/28/plutocracy.html,https://www.twitter.com/unlock_VALue,2018-03-28,Vitalik Buterin
Proof of Stake FAQ,https://vitalik.eth.limo/general/2017/12/31/pos_faq.html,https://www.twitter.com/unlock_VALue,2017-12-31,Vitalik Buterin
Sharding FAQ,https://vitalik.eth.limo/general/2017/12/31/sharding_faq.html,https://www.twitter.com/unlock_VALue,2017-12-31,Vitalik Buterin
Notes on Blockchain Governance,https://vitalik.eth.limo/general/2017/12/17/voting.html,https://www.twitter.com/unlock_VALue,2017-12-17,Vitalik Buterin
A Quick Gasprice Market Analysis,https://vitalik.eth.limo/general/2017/12/14/gas_analysis.html,https://www.twitter.com/unlock_VALue,2017-12-14,Vitalik Buterin
"STARKs, Part II: Thank Goodness It's FRI-day",https://vitalik.eth.limo/general/2017/11/22/starks_part_2.html,https://www.twitter.com/unlock_VALue,2017-11-22,Vitalik Buterin
"STARKs, Part I: Proofs with Polynomials",https://vitalik.eth.limo/general/2017/11/09/starks_part_1.html,https://www.twitter.com/unlock_VALue,2017-11-09,Vitalik Buterin
On Medium-of-Exchange Token Valuations,https://vitalik.eth.limo/general/2017/10/17/moe.html,https://www.twitter.com/unlock_VALue,2017-10-17,Vitalik Buterin
A Prehistory of the Ethereum Protocol,https://vitalik.eth.limo/general/2017/09/14/prehistory.html,https://www.twitter.com/unlock_VALue,2017-09-14,Vitalik Buterin
"A Note on Metcalfe's Law, Externalities and Ecosystem Splits",https://vitalik.eth.limo/general/2017/07/27/metcalfe.html,https://www.twitter.com/unlock_VALue,2017-07-27,Vitalik Buterin
The Triangle of Harm,https://vitalik.eth.limo/general/2017/07/16/triangle_of_harm.html,https://www.twitter.com/unlock_VALue,2017-07-16,Vitalik Buterin
On Path Independence,https://vitalik.eth.limo/general/2017/06/22/marketmakers.html,https://www.twitter.com/unlock_VALue,2017-06-22,Vitalik Buterin
Analyzing Token Sale Models,https://vitalik.eth.limo/general/2017/06/09/sales.html,https://www.twitter.com/unlock_VALue,2017-06-09,Vitalik Buterin
Engineering Security Through Coordination Problems,https://vitalik.eth.limo/general/2017/05/08/coordination_problems.html,https://www.twitter.com/unlock_VALue,2017-05-08,Vitalik Buterin
"Hard Forks, Soft Forks, Defaults and Coercion",https://vitalik.eth.limo/general/2017/03/14/forks_and_markets.html,https://www.twitter.com/unlock_VALue,2017-03-14,Vitalik Buterin
[Mirror] Zk-SNARKs: Under the Hood,https://vitalik.eth.limo/general/2017/02/01/zk_snarks.html,https://www.twitter.com/unlock_VALue,2017-02-01,Vitalik Buterin
[Mirror] Exploring Elliptic Curve Pairings,https://vitalik.eth.limo/general/2017/01/14/exploring_ecp.html,https://www.twitter.com/unlock_VALue,2017-01-14,Vitalik Buterin
[Mirror] A Proof of Stake Design Philosophy,https://vitalik.eth.limo/general/2016/12/29/pos_design.html,https://www.twitter.com/unlock_VALue,2016-12-29,Vitalik Buterin
[Mirror] Quadratic Arithmetic Programs: from Zero to Hero,https://vitalik.eth.limo/general/2016/12/10/qap.html,https://www.twitter.com/unlock_VALue,2016-12-10,Vitalik Buterin
A Note On Charity Through Marginal Price Discrimination,https://vitalik.eth.limo/general/2017/03/11/a_note_on_charity.html,https://www.twitter.com/unlock_VALue,2017-03-11,Vitalik Buterin
The MEV Book: A Comprehensive Guide to Maximal Extractable Value,https://www.monoceros.com/insights/maximal-extractable-value-book,https://www.twitter.com/unlock_VALue,,BYMonoceros Ventures
Zero-Knowledge Proofs: A Technology Primer,https://www.monoceros.com/insights/zero-knowledge-proofs-a-technology-primer,https://www.twitter.com/unlock_VALue,,BYMonoceros Ventures
Everything You Need To Know About Order Flow Auctions,https://www.monoceros.com/insights/order-flow-auctions,https://www.twitter.com/unlock_VALue,,BYMonoceros Ventures
Simplified Active Validator Cap and Rotation Proposal - Proof-of-Stake - Ethereum Research,https://ethresear.ch/t/simplified-active-validator-cap-and-rotation-proposal/9022,https://www.twitter.com/unlock_VALue,2021-03-27,https://ethresear.ch/u/vbuterin
Protocol and staking pool changes that could improve decentralization and reduce consensus overhead - HackMD,https://notes.ethereum.org/@vbuterin/staking_2023_10,https://www.twitter.com/unlock_VALue,,vbuterin
Designing the Espresso Sequencer: Combining HotShot Consensus with Tiramisu DA - HackMD,https://hackmd.io/@EspressoSystems/HotShot-and-Tiramisu,https://www.twitter.com/unlock_VALue,2023-07-19,EspressoSystems
Analyzing BFT & Proposer-Promised Preconfirmations - HackMD,https://hackmd.io/@EspressoSystems/bft-and-proposer-promised-preconfirmations,https://www.twitter.com/unlock_VALue,2023-12-22,EspressoSystems
Analyzing BFT & Proposer-Promised Preconfirmations - Layer 2 - Ethereum Research,https://ethresear.ch/t/analyzing-bft-proposer-promised-preconfirmations/17963,https://www.twitter.com/unlock_VALue,2023-12-24,https://ethresear.ch/u/ed
Shared Sequencing: Defragmenting the L2 Rollup Ecosystem - HackMD,https://hackmd.io/@EspressoSystems/SharedSequencing,,2023-04-17,EspressoSystems
Fair Exchange in Proposer-Builder Separation - HackMD,https://hackmd.io/@EspressoSystems/fair-exchange-in-proposer-builder-separation,,2023-10-12,EspressoSystems
The Derivation Pipeline - HackMD,https://hackmd.io/@EspressoSystems/the-derivation-pipeline,,2023-11-30,EspressoSystems
Paths toward single-slot finality - HackMD,https://notes.ethereum.org/@vbuterin/single_slot_finality,,,vbuterin
Based rollupsâ€”superpowers from L1 sequencing - Layer 2 - Ethereum Research,https://ethresear.ch/t/based-rollups-superpowers-from-l1-sequencing/15016,,2023-03-10,https://ethresear.ch/u/JustinDrake
The Espresso Sequencer - HackMD,https://hackmd.io/@EspressoSystems/EspressoSequencer,,2023-03-16,EspressoSystems
The cost of artificial latency in the PBS context - Economics - Ethereum Research,https://ethresear.ch/t/the-cost-of-artificial-latency-in-the-pbs-context/17847,,2023-12-15,https://ethresear.ch/u/umbnat92
Analyzing Missed Slot Through The Lens of Relays -- A potential path for relay incentivization - Economics - Ethereum Research,https://ethresear.ch/t/analyzing-missed-slot-through-the-lens-of-relays-a-potential-path-for-relay-incentivization/18257,,2024-01-10,https://ethresear.ch/u/ballsyalchemist
"The Cross-Domain Thesis Part 3.1: Ordering
 â€” Maven11 Research",https://maven11.mirror.xyz/4EWfWgqJGNQufJOXe66aqmYTttu9r0o3sArMLZVbNyo,,2024-01-09,Maven11 Research
,https://kelvinfichter.com/pages/thoughts/hybrid-rollups/,https://www.twitter.com/unlock_VALue,,
,https://kelvinfichter.com/pages/thoughts/tps-is-dumb/,https://www.twitter.com/unlock_VALue,,
,https://kelvinfichter.com/pages/thoughts/evm-proofs/,https://www.twitter.com/unlock_VALue,,
,https://kelvinfichter.com/pages/thoughts/challenge-periods/,https://www.twitter.com/unlock_VALue,,
,https://kelvinfichter.com/pages/thoughts/rrr/,https://www.twitter.com/unlock_VALue,,
,https://kelvinfichter.com/pages/thoughts/moloch/,https://www.twitter.com/unlock_VALue,,
A few of the things weâ€™re excited about in crypto (2024),https://a16zcrypto.com/posts/article/a-few-of-the-things-were-excited-about-in-crypto-2024/,,,
Web3 business strategy,https://a16zcrypto.com/posts/videos/web3-business-strategy/,,,
Vampire attacks: A theory (and thread) on 'blood sucking' platform competition,https://a16zcrypto.com/posts/article/vampire-attacks-competition/,,,
A new NFT launch strategy: The wave mint,https://a16zcrypto.com/posts/article/a-new-nft-launch-strategy-the-wave-mint/,,,
Progressive decentralization: a high-level framework,https://a16zcrypto.com/posts/article/progressive-decentralization-a-high-level-framework/,,,
"NFT Sales: Clearing the Market, Avoiding Gas Wars",https://a16zcrypto.com/posts/article/nft-sales-market-clearing-gas-wars-auction-mechanism-design-for-builders/,,,
"Top Tech Topics, Explained",https://a16zcrypto.com/posts/podcast/top-tech-topics-explained/,,,
"How to Slash Misbehavior in Threshold Decryption | by Dan Boneh | Jan, 2024 | Medium",https://medium.com/@boneh/how-to-slash-misbehavior-in-threshold-decryption-0888af5ae3b6,https://www.twitter.com/unlock_VALue,2024-01-09,Dan Boneh
Using ZK Proofs to Fight Disinformation | by Dan Boneh | Medium,https://medium.com/@boneh/using-zk-proofs-to-fight-disinformation-17e7d57fe52f,https://www.twitter.com/unlock_VALue,2022-09-30,Dan Boneh
Reversible Transactions on Ethereum: ERC-20R and ERC-721R | by Dan Boneh | Medium,https://medium.com/@boneh/reversible-transactions-on-ethereum-erc-20r-and-erc-721r-9e82de67b696,https://www.twitter.com/unlock_VALue,2022-08-02,Dan Boneh
How to build a private DAO on Ethereum - Dan Boneh - Medium,https://medium.com/@boneh/how-to-build-a-private-dao-on-ethereum-59e3afdf3abd,https://www.twitter.com/unlock_VALue,2022-05-01,Dan Boneh
FRP-35: Pair Trading Opportunities as a form of MEV - FRPs - Flashbots Research Proposals - The Flashbots Collective,https://collective.flashbots.net/t/frp-35-pair-trading-opportunities-as-a-form-of-mev/2887,https://www.twitter.com/unlock_VALue,,
Uniswap v3 Returns More Fees for Passive LPs,https://blog.uniswap.org/fee-returns#user-content-fnref-2,https://www.twitter.com/unlock_VALue,2022-06-06,
,https://xenophonlabs.com/portfolio.html,https://www.twitter.com/unlock_VALue,,
Reproducing the $APE Airdrop Flash Loan Arbitrage/Exploit | by Amber Group | Amber Group | Medium,https://medium.com/amber-group/reproducing-the-ape-airdrop-flash-loan-arbitrage-exploit-93f79728fcf5,https://www.twitter.com/unlock_VALue,2022-03-22,Amber Group
What Are Staking Derivatives?. pSTAKE is a liquid staking solutionâ€¦ | by Citadel.One | Citadel.One | Medium,https://medium.com/citadel-one/what-are-staking-derivatives-8fd86ed315a2,https://www.twitter.com/unlock_VALue,2022-04-05,Citadel.One
Decentralization of token distributions | by jooooo5as | gyroscope-protocol | Medium,https://medium.com/gyroscope-protocol/decentralization-of-token-distributions-e472f8b52f4a,https://www.twitter.com/unlock_VALue,2021-10-12,jooooo5as
Burning MEV through block proposer auctions - Economics - Ethereum Research,https://ethresear.ch/t/burning-mev-through-block-proposer-auctions/14029?u=barnabe,https://www.twitter.com/unlock_VALue,2022-10-26,https://ethresear.ch/u/domothy
ðŸ—³ï¸ Commitment-Satisfaction Committees: An In-Protocol Solution to PEPC - Proof-of-Stake - Ethereum Research,https://ethresear.ch/t/commitment-satisfaction-committees-an-in-protocol-solution-to-pepc/17055,https://www.twitter.com/unlock_VALue,2023-10-12,https://ethresear.ch/u/diego
Committee-driven MEV smoothing - Economics - Ethereum Research,https://ethresear.ch/t/committee-driven-mev-smoothing/10408,https://www.twitter.com/unlock_VALue,2021-08-23,https://ethresear.ch/u/fradamt
To burn or not? - Research - The Flashbots Collective,https://collective.flashbots.net/t/to-burn-or-not/647,https://www.twitter.com/unlock_VALue,,
"The Proof Supply Chain. by: Trace | by Figment Capital | Jan, 2024 | Medium",https://figmentcapital.medium.com/the-proof-supply-chain-be6a6a884eff,https://www.twitter.com/unlock_VALue,2024-01-16,Figment Capital
Espresso HotShot: Consensus Designed for Rollups | by Espresso Systems | Medium,https://medium.com/@espressosys/espresso-hotshot-consensus-designed-for-rollups-b080ba7362d1,https://hackmd.io/@EspressoSystems/EspressoSequencer,2022-11-28,Espresso Systems
,https://outlierventures.io/research/design-phase-of-token-ecosystem-creation/,https://www.twitter.com/unlock_VALue,,
,https://outlierventures.io/research/why-crypto-assets-need-effective-token-ecosystems/,https://www.twitter.com/unlock_VALue,,
,https://outlierventures.io/research/what-is-the-secret-to-building-valuable-tokens/,https://www.twitter.com/unlock_VALue,,
Sharding-format blob-carrying transactions - HackMD,https://notes.ethereum.org/@vbuterin/blob_transactions,https://barnabe.substack.com/p/understanding-rollup-economics-from,,vbuterin
Uncle risk/MEV miner fee calculation - HackMD,https://notes.ethereum.org/@barnabe/rk5ue1WF_,https://barnabe.substack.com/p/understanding-rollup-economics-from,,
Retroactive Public Goods Funding. Note: The Optimism team has long beenâ€¦ | by Optimism | Optimism PBC Blog | Medium,https://medium.com/ethereum-optimism/retroactive-public-goods-funding-33c9b7d00f0c,https://www.twitter.com/unlock_VALue,2021-07-20,Optimism
,https://forum.celestia.org/t/zero-knowledge-in-the-celestia-baselayer/1475,https://www.twitter.com/unlock_VALue,,
,https://research.arbitrum.io/t/security-and-governance-considerations-for-chain-clusters/9560,https://www.twitter.com/unlock_VALue,,
,https://gov.uniswap.org/t/uniswap-liquidity-mining-analysis/21416,https://www.twitter.com/unlock_VALue,,
,https://dydx.forum/t/dydx-v4-with-great-decentralization-comes-great-responsibility/1344,https://www.twitter.com/unlock_VALue,,
,https://governance.aave.com/t/temp-check-raising-the-safety-module-s-slashing-percentage/14167,https://www.twitter.com/unlock_VALue,,
CurveMetrics,https://xenophonlabs.substack.com/p/curvemetrics?r=1ekt4m,https://www.twitter.com/unlock_VALue,2023-06-21,Xenophon Labs
Congestion control and eip1559,https://barnabe.substack.com/p/congestion-control-and-eip1559,https://www.twitter.com/unlock_VALue,2021-02-17,BarnabÃ© Monnot
Understanding rollup economics from first principles,https://barnabe.substack.com/p/understanding-rollup-economics-from,https://www.twitter.com/unlock_VALue,2022-02-24,BarnabÃ© Monnot
The road to Ethereum,https://barnabe.substack.com/p/eth2,https://barnabe.substack.com/p/understanding-rollup-economics-from,2021-04-20,BarnabÃ© Monnot
,https://gov.uniswap.org/t/gauntlet-s-uniswap-protocol-fee-report-tldr-version/22607,,,
Trading in the Dark: Measuring Reordering Slippage in MEV,https://frontier.tech/measuring-reordering-slippage-in-mev,https://www.twitter.com/unlock_VALue,,by Evan Kim and Murat Akdeniz of Primev in collaboration with Frontier
,https://forum.arbitrum.foundation/t/request-for-discussion-arbitrum-foundation-transparency-standards/14272,,,
,https://forum.arbitrum.foundation/t/grants-funding-framework-discussion-how-to-excel-at-being-a-dao/13818,,,
Properties of issuance level (part 1) - HackMD,https://notes.ethereum.org/@anderselowsson/HyUIqjo_6,https://www.twitter.com/unlock_VALue,,anderselowsson
"Unlocking PBS with CL Verification of ""block.coinbase"" (E.G. Multi Tx Flashloans) - Ethereum Research",https://ethresear.ch/t/unlocking-pbs-with-cl-verification-of-block-coinbase-e-g-multi-tx-flashloans/17955/,https://www.twitter.com/unlock_VALue,2023-12-24,https://ethresear.ch/u/thogard785
Properties of issuance level (part 1) - HackMD,https://notes.ethereum.org/@domothy/roadmap,https://www.twitter.com/unlock_VALue,,anderselowsson
,https://forum.aztec.network/t/request-for-proposals-decentralized-sequencer-selection/350,https://www.twitter.com/unlock_VALue,,
"The Cross-Domain Thesis Part 2: Storage Proofs, Computation, andâ€¦ â€” Maven11 Research",https://maven11.mirror.xyz/3NqfzBemyvI9a0fhun7flOc20oq5XlXzOqphvKk5pxs,https://www.twitter.com/unlock_VALue,2023-10-05,Maven11 Research
Validator consolidation in EIP-7251 - HackMD,https://notes.ethereum.org/@fradamt/maxeb-consolidation,https://www.twitter.com/unlock_VALue,,fradamt
"Swap Fees Are For Losers: Introducing DeltaSwap, The First Feeless Spot DEX | by DeFi Devin | Jan, 2024 | Medium",https://medium.com/@defidevin/swap-fees-are-for-losers-introducing-deltaswap-the-first-feeless-spot-dex-c88b7b1ed340,https://www.twitter.com/unlock_VALue,2024-01-23,DeFi Devin
2FA zk-rollups using SGX - zk-s[nt]arks - Ethereum Research,https://ethresear.ch/t/2fa-zk-rollups-using-sgx/14462,https://www.twitter.com/unlock_VALue,2022-12-21,https://ethresear.ch/u/JustinDrake
,https://blog.conduit.xyz/celestia-mainnet-migrations,https://www.twitter.com/unlock_VALue,,
Sirrah: Speedrunning a TEE Coprocessor,https://writings.flashbots.net/suave-tee-coprocessor,https://www.twitter.com/unlock_VALue,2024-01-25,https://collective.flashbots.net/u/amiller
Unconditional inclusion lists - Block proposer - Ethereum Research,https://ethresear.ch/t/unconditional-inclusion-lists/18500,https://twitter.com/mikeneuder/status/1752319880731173272,2024-01-30,https://ethresear.ch/u/mikeneuder
"STARKPack: Aggregating STARKs for shorter proofs and faster verification | by Jivanyan | Nethermind.eth | Jan, 2024 | Medium",https://medium.com/nethermind-eth/starkpack-aggregating-starks-for-shorter-proofs-and-faster-verification-8c78a5c26291,https://www.twitter.com/unlock_VALue,2024-01-31,Jivanyan
Protocol Guild Pledge â€” Tim Beiko,https://tim.mirror.xyz/srVdVopOFhD_ZoRDR50x8n5wmW3aRJIrNEAkpyQ4_ng,https://twitter.com/TimBeiko/status/1752458526407139680,2024-01-30,Tim Beiko
,https://dba.xyz/modular-money-liquid-staking-for-people-in-a-hurry/,https://twitter.com/jon_charb/status/1753450124200620536,,
"The Shared Sequencer; An SoK on Shared Sequencing, Aggregation Tâ€¦ â€” Maven11 Research",https://maven11.mirror.xyz/I12E6Jf9X6HE_DuegZG4gmy8j-4RGAX4AdMZ71MnANY,,2023-05-05,Maven11 Research
State Lock Auctions: Towards Collaborative Block Building - Block proposer - Ethereum Research,https://ethresear.ch/t/state-lock-auctions-towards-collaborative-block-building/18558,https://twitter.com/_danielmarzec/status/1754173137799770532,2024-02-03,https://ethresear.ch/u/dmarz
On Increasing the Block Gas Limit - Economics - Ethereum Research,https://ethresear.ch/t/on-increasing-the-block-gas-limit/18567?u=nerolation,https://x.com/nero_eth/status/1754441447690944537?s=46&t=LTSoDWXLa08Oi2VCOCK2Yg,2024-02-05,https://ethresear.ch/u/Nerolation
Intent based bridge between L2s and Ethereum powered by multi-proof storage proofs - Layer 2 - Ethereum Research,https://ethresear.ch/t/intent-based-bridge-between-l2s-and-ethereum-powered-by-multi-proof-storage-proofs/18563,https://twitter.com/fede_intern/status/1754309047241593186,2024-02-05,https://ethresear.ch/u/unbalancedparenthese
,https://forum.celestia.org/t/defending-against-lst-monopolies/1554,,,
SUAVE Bridge - #8 by pbj - SUAVE - The Flashbots Collective,https://collective.flashbots.net/t/suave-bridge/2696/8,https://www.twitter.com/unlock_VALue,,
Consider the ePBS - HackMD,https://notes.ethereum.org/@mikeneuder/consider-the-epbs,https://twitter.com/mikeneuder/status/1755429454367555645,,mikeneuder
"Inclusion lists: execution, consensus, & engine spec overview - HackMD",https://notes.ethereum.org/@mikeneuder/il-spec-overview,https://twitter.com/mikeneuder/status/1755220985219780646,,mikeneuder
Solana Fees in Theory and Practice,https://www.helius.dev/blog/solana-fees-in-theory-and-practice,https://x.com/0xmert_/status/1751747905831010785,"January 31, 2024",Ryan Chern
Consensus on Solana,https://www.helius.dev/blog/consensus-on-solana,https://www.twitter.com/unlock_VALue,"January 27, 2024",Ryan Chern
"Solana Nodes â€” A Primer on Solana RPCs, Validators, and RPC providers",https://www.helius.dev/blog/solana-nodes-a-primer-on-solana-rpcs-validators-and-rpc-providers,https://www.twitter.com/unlock_VALue,"January 15, 2024",Mert Mumtaz
Solana Validator Economics: A Primer,https://www.helius.dev/blog/solana-validator-economics-a-primer,https://www.twitter.com/unlock_VALue,"January 11, 2024",Ryan Chern
Priority Fees: Understanding Solana's Transaction Fee Mechanics,https://www.helius.dev/blog/priority-fees-understanding-solanas-transaction-fee-mechanics,https://www.twitter.com/unlock_VALue,"January 15, 2024",0xIchigo
"The L1 vs L2 Landscape: Understanding the Design Differences, Tradeoffs, and Endgames",https://www.helius.dev/blog/the-l1-vs-l2-landscape,https://www.twitter.com/unlock_VALue,"December 13, 2023",Ryan Chern
Gaming: How Solana is Changing the Playfield,https://www.helius.dev/blog/gaming-how-solana-is-changing-the-playfield,https://www.twitter.com/unlock_VALue,"January 15, 2024",0xIchigo
Turbine: Block Propagation on Solana,https://www.helius.dev/blog/turbine-block-propagation-on-solana,https://www.twitter.com/unlock_VALue,"October 26, 2023",Ryan Chern
The Solana Programming Model: An Introduction to Developing on Solana,https://www.helius.dev/blog/the-solana-programming-model-an-introduction-to-developing-on-solana,https://www.twitter.com/unlock_VALue,"November 17, 2023",0xIchigo
What is Firedancer? A Deep Dive into Solana 2.0,https://www.helius.dev/blog/what-is-firedancer,https://www.twitter.com/unlock_VALue,"December 3, 2023",0xIchigo
Evaluating Solana for Enterprise Use: A Comprehensive Guide,https://www.helius.dev/blog/evaluating-solana-for-enterprise-use-a-comprehensive-guide,https://www.twitter.com/unlock_VALue,"October 24, 2023",0xIchigo
Cryptographic Tools 101 - Hash Functions and Merkle Trees Explained,https://www.helius.dev/blog/cryptographic-tools-101-hash-functions-and-merkle-trees-explained,https://www.twitter.com/unlock_VALue,"September 25, 2023",0xIchigo
All You Need to Know About Compression on Solana,https://www.helius.dev/blog/all-you-need-to-know-about-compression-on-solana,https://www.twitter.com/unlock_VALue,"November 30, 2023",0xIchigo
"Proof of History, Proof of Stake, Proof of Work - Explained",https://www.helius.dev/blog/proof-of-history-proof-of-stake-proof-of-work-explained,https://www.twitter.com/unlock_VALue,"October 9, 2023",0xIchigo
Privacy on Solana with Elusiv and Light: All You Need to Know About Privacy on SOL,https://www.helius.dev/blog/privacy-on-solana-with-elusiv-and-light,https://www.twitter.com/unlock_VALue,"September 14, 2023",0xIchigo
All You Need to Know About Solana RPCs (2023),https://www.helius.dev/blog/solana-rpc,https://www.twitter.com/unlock_VALue,"September 12, 2023",Mert Mumtaz
Solana Dev 101 - File system wallets + How to create a custom wallet,https://www.helius.dev/blog/file-system-wallets-how-to-create-a-custom-wallet,https://www.twitter.com/unlock_VALue,"August 14, 2023",Owen Venter
Top Solana RPCs â€” Helius vs. Other Node Providers,https://www.helius.dev/blog/top-solana-rpcs-helius-vs-other-node-providers,https://www.twitter.com/unlock_VALue,"July 27, 2023",Mert Mumtaz
Solana Dev 101 - Deserializing Account Data on Solana,https://www.helius.dev/blog/solana-dev-101-deserializing-account-data-on-solana,https://www.twitter.com/unlock_VALue,"January 22, 2024",Hunter Davis
"Understanding Slots, Blocks, and Epochs on Solana",https://www.helius.dev/blog/solana-slots-blocks-and-epochs,https://www.twitter.com/unlock_VALue,"June 19, 2023",Mert Mumtaz
How Solana RPCs Work,https://www.helius.dev/blog/how-solana-rpcs-work,https://www.twitter.com/unlock_VALue,"July 24, 2023",Mert Mumtaz
Build a Wallet Tracker on Solana,https://www.helius.dev/blog/build-a-wallet-tracker-on-solana,https://www.twitter.com/unlock_VALue,"June 19, 2023",Mert Mumtaz
Listening to On-chain Events on Solana,https://www.helius.dev/blog/solana-data-streaming,https://www.twitter.com/unlock_VALue,"January 11, 2024",Mert Mumtaz
Solana Dev 101 - Mint SPL Tokens on Solana,https://www.helius.dev/blog/working-with-solana-tokens,https://www.twitter.com/unlock_VALue,"June 19, 2023",Hunter Davis
Solana Dev101- How to get the holders of an NFT collection (Snapshot),https://www.helius.dev/blog/nft-holder-snapshots,https://www.twitter.com/unlock_VALue,"January 10, 2024",Owen Venter
Solana Dev 101 - How to Create a Solana Transaction,https://www.helius.dev/blog/how-to-create-a-solana-transaction,https://www.twitter.com/unlock_VALue,"June 19, 2023",Owen Venter
Solana Dev 101 - How to Mint an NFT on Solana,https://www.helius.dev/blog/how-to-mint-an-nft-on-solana,https://www.twitter.com/unlock_VALue,"June 19, 2023",Owen Venter
All You Need to Know About Solanaâ€™s New DAS API,https://www.helius.dev/blog/all-you-need-to-know-about-solanas-new-das-api,https://www.twitter.com/unlock_VALue,"September 18, 2023",Hunter Davis
Solana Dev 101 - Using DAS API For Fetching all NFTs in a Collection,https://www.helius.dev/blog/solana-dev-101-using-das-to-return-all-collection-assets,https://www.twitter.com/unlock_VALue,"July 28, 2023",Hunter Davis
