content,referrer
https://press.princeton.edu/books/hardcover/9780691211381/trading-at-the-speed-of-light,https://www.twitter.com/unlock_VALue
https://warpcast.com/pinged/0xa6d3fe25,https://www.twitter.com/unlock_VALue
https://blog.kira.network/passive-income-explained-with-liquid-staking-staking-derivatives-da56e8866f43,https://www.twitter.com/unlock_VALue
https://github.com/0xfuturistic/sequencer-commitments,https://www.twitter.com/unlock_VALue
https://github.com/michaelneuder/optimistic-relay-documentation/blob/main/towards-epbs.md,https://www.twitter.com/unlock_VALue
https://www.binance.info/en/research/analysis/tokenization,https://www.twitter.com/unlock_VALue
https://pintail.xyz/posts/gas-market-analysis/,https://barnabe.substack.com/p/understanding-rollup-economics-from
https://www.spectral.finance/whitepaper,https://www.twitter.com/unlock_VALue
https://grvt.gitbook.io/grvt/introduction/about-grvt,https://www.twitter.com/unlock_VALue
https://www.ddmckinnon.com/2024/01/25/on-climbing-the-stat-arb-cex-dex-leaderboard-comparative-advantage-and-careers-and-my-future-in-crypto/,https://www.twitter.com/unlock_VALue
https://www.zellic.io/blog/,https://twitter.com/zellic_io/status/1750638776215621971
https://www.zaryabs.com/evm-learning-resources/,
https://www.zaryabs.com/the-abcs-of-ethereum-virtual-machine/,https://www.zaryabs.com/evm-learning-resources/
https://learn.bybit.com/deep-dive/what-is-ethereum-virtual-machine-evm/?ref=zaryabs.com,https://www.zaryabs.com/evm-learning-resources/
https://decrypt.co/resources/ethereum-virtual-machine,https://www.zaryabs.com/evm-learning-resources/
https://cypherpunks-core.github.io/ethereumbook/13evm.html?ref=zaryabs.com,https://www.zaryabs.com/evm-learning-resources/
https://x.com/_dave__white_/status/1757471352897122672?s=46&t=LTSoDWXLa08Oi2VCOCK2Yg,
https://www.bulbapp.io/p/4b7d0f04-d4a6-46f8-95a9-46da784d32ad/zksync-a-deep-review,https://twitter.com/chrisdior777/status/1758078448076284015
https://x.com/jxnlco/status/1757537027506016534?s=46&t=LTSoDWXLa08Oi2VCOCK2Yg,
https://x.com/cowswap/status/1757783852553294270?s=46&t=LTSoDWXLa08Oi2VCOCK2Yg,
https://press.princeton.edu/books/hardcover/9780691211381/trading-at-the-speed-of-light,https://www.twitter.com/unlock_VALue
https://warpcast.com/pinged/0xa6d3fe25,https://www.twitter.com/unlock_VALue
https://blog.kira.network/passive-income-explained-with-liquid-staking-staking-derivatives-da56e8866f43,https://www.twitter.com/unlock_VALue
https://github.com/0xfuturistic/sequencer-commitments,https://www.twitter.com/unlock_VALue
https://github.com/michaelneuder/optimistic-relay-documentation/blob/main/towards-epbs.md,https://www.twitter.com/unlock_VALue
https://www.binance.info/en/research/analysis/tokenization,https://www.twitter.com/unlock_VALue
https://pintail.xyz/posts/gas-market-analysis/,https://barnabe.substack.com/p/understanding-rollup-economics-from
https://www.spectral.finance/whitepaper,https://www.twitter.com/unlock_VALue
https://grvt.gitbook.io/grvt/introduction/about-grvt,https://www.twitter.com/unlock_VALue
https://www.ddmckinnon.com/2024/01/25/on-climbing-the-stat-arb-cex-dex-leaderboard-comparative-advantage-and-careers-and-my-future-in-crypto/,https://www.twitter.com/unlock_VALue
https://www.zellic.io/blog/,https://twitter.com/zellic_io/status/1750638776215621971
https://www.zaryabs.com/evm-learning-resources/,
https://www.zaryabs.com/the-abcs-of-ethereum-virtual-machine/,https://www.zaryabs.com/evm-learning-resources/
https://learn.bybit.com/deep-dive/what-is-ethereum-virtual-machine-evm/?ref=zaryabs.com,https://www.zaryabs.com/evm-learning-resources/
https://decrypt.co/resources/ethereum-virtual-machine,https://www.zaryabs.com/evm-learning-resources/
https://cypherpunks-core.github.io/ethereumbook/13evm.html?ref=zaryabs.com,https://www.zaryabs.com/evm-learning-resources/
https://x.com/_dave__white_/status/1757471352897122672?s=46&t=LTSoDWXLa08Oi2VCOCK2Yg,
https://www.bulbapp.io/p/4b7d0f04-d4a6-46f8-95a9-46da784d32ad/zksync-a-deep-review,https://twitter.com/chrisdior777/status/1758078448076284015
https://x.com/jxnlco/status/1757537027506016534?s=46&t=LTSoDWXLa08Oi2VCOCK2Yg,
https://x.com/cowswap/status/1757783852553294270?s=46&t=LTSoDWXLa08Oi2VCOCK2Yg,
https://github.com/Sabnock01/uniswap-resources?tab=readme-ov-file,https://risencrypto.github.io/
https://x.com/samlafer/status/1758600811712586234?s=46&t=LTSoDWXLa08Oi2VCOCK2Yg,
https://x.com/oplabspbc/status/1758220882630086674?s=46&t=LTSoDWXLa08Oi2VCOCK2Yg,
https://www.jupresear.ch/t/introducing-debridge-to-lfg/5351,
https://x.com/cvetanovv0/status/1758438269660839979?s=46&t=LTSoDWXLa08Oi2VCOCK2Yg,
https://x.com/nero_eth/status/1758444077438181596?s=46&t=LTSoDWXLa08Oi2VCOCK2Yg,
https://x.com/ilblackdragon/status/1758167667221975179?s=46&t=LTSoDWXLa08Oi2VCOCK2Yg,
https://x.com/terencechain/status/1760344174598266904?s=46&t=LTSoDWXLa08Oi2VCOCK2Yg,
https://www.blog.citrea.xyz/introducing-citrea/,https://twitter.com/citrea_xyz/status/1754883284893356368
https://x.com/cwgoes/status/1761078848991515031?s=46&t=LTSoDWXLa08Oi2VCOCK2Yg,
https://x.com/primev_xyz/status/1761020003858473153?s=46&t=LTSoDWXLa08Oi2VCOCK2Yg,
https://x.com/primev_xyz/status/1761020003858473153?s=46&t=LTSoDWXLa08Oi2VCOCK2Yg,
https://github.com/shanzson/Smart-Contract-Auditor-Tools-and-Techniques,
https://x.com/jeffsecurity/status/1760597737593049150?s=46&t=LTSoDWXLa08Oi2VCOCK2Yg,
https://www.blog.citrea.xyz/introducing-citrea/,https://twitter.com/citrea_xyz/status/1754883284893356368
https://x.com/terencechain/status/1760344174598266904?s=46&t=LTSoDWXLa08Oi2VCOCK2Yg,
https://press.princeton.edu/books/hardcover/9780691211381/trading-at-the-speed-of-light,https://www.twitter.com/unlock_VALue
https://warpcast.com/pinged/0xa6d3fe25,https://www.twitter.com/unlock_VALue
https://blog.kira.network/passive-income-explained-with-liquid-staking-staking-derivatives-da56e8866f43,https://www.twitter.com/unlock_VALue
https://github.com/0xfuturistic/sequencer-commitments,https://www.twitter.com/unlock_VALue
https://github.com/michaelneuder/optimistic-relay-documentation/blob/main/towards-epbs.md,https://www.twitter.com/unlock_VALue
https://www.binance.info/en/research/analysis/tokenization,https://www.twitter.com/unlock_VALue
https://pintail.xyz/posts/gas-market-analysis/,https://barnabe.substack.com/p/understanding-rollup-economics-from
https://www.spectral.finance/whitepaper,https://www.twitter.com/unlock_VALue
https://grvt.gitbook.io/grvt/introduction/about-grvt,https://www.twitter.com/unlock_VALue
https://www.ddmckinnon.com/2024/01/25/on-climbing-the-stat-arb-cex-dex-leaderboard-comparative-advantage-and-careers-and-my-future-in-crypto/,https://www.twitter.com/unlock_VALue
https://www.zellic.io/blog/,https://twitter.com/zellic_io/status/1750638776215621971
https://www.zaryabs.com/evm-learning-resources/,
https://www.zaryabs.com/the-abcs-of-ethereum-virtual-machine/,https://www.zaryabs.com/evm-learning-resources/
https://learn.bybit.com/deep-dive/what-is-ethereum-virtual-machine-evm/?ref=zaryabs.com,https://www.zaryabs.com/evm-learning-resources/
https://decrypt.co/resources/ethereum-virtual-machine,https://www.zaryabs.com/evm-learning-resources/
https://cypherpunks-core.github.io/ethereumbook/13evm.html?ref=zaryabs.com,https://www.zaryabs.com/evm-learning-resources/
https://x.com/_dave__white_/status/1757471352897122672?s=46&t=LTSoDWXLa08Oi2VCOCK2Yg,
https://www.bulbapp.io/p/4b7d0f04-d4a6-46f8-95a9-46da784d32ad/zksync-a-deep-review,https://twitter.com/chrisdior777/status/1758078448076284015
https://x.com/jxnlco/status/1757537027506016534?s=46&t=LTSoDWXLa08Oi2VCOCK2Yg,
https://x.com/cowswap/status/1757783852553294270?s=46&t=LTSoDWXLa08Oi2VCOCK2Yg,
https://github.com/Sabnock01/uniswap-resources?tab=readme-ov-file,https://risencrypto.github.io/
https://x.com/samlafer/status/1758600811712586234?s=46&t=LTSoDWXLa08Oi2VCOCK2Yg,
https://x.com/oplabspbc/status/1758220882630086674?s=46&t=LTSoDWXLa08Oi2VCOCK2Yg,
https://www.jupresear.ch/t/introducing-debridge-to-lfg/5351,
https://x.com/binanceresearch/status/1759905194186584413?s=46&t=LTSoDWXLa08Oi2VCOCK2Yg,
https://x.com/cvetanovv0/status/1760229428167061812?s=46&t=LTSoDWXLa08Oi2VCOCK2Yg,
https://x.com/data_always/status/1760129056819888509?s=52&t=LTSoDWXLa08Oi2VCOCK2Yg,
https://x.com/ronangmi/status/1762132322718298197?s=46&t=LTSoDWXLa08Oi2VCOCK2Yg,
https://x.com/nisedo_/status/1762565833493033076?s=46&t=LTSoDWXLa08Oi2VCOCK2Yg,
https://zengo.com/understanding-compounds-liquidation/,
https://x.com/nisedo_/status/1762565833493033076?s=46&t=LTSoDWXLa08Oi2VCOCK2Yg,
https://zengo.com/understanding-compounds-liquidation/,
https://blog.lambdaclass.com/implementing-babysnark-in-our-internal-bootcamp/,https://twitter.com/fede_intern/status/1762973834389438875
https://www.twinstake.io/reports/stakings-role-in-portfolio-diversification-a-quantitative-risk-return-analysis,
https://docs.blackwing.fi/core_concepts/intent_solver,
https://variant.fund/articles/defi-opportunities-high-performance-chains/,
https://blog.cow.fi/mev-bots-switch-from-searcher-to-solver-79277302bad3?gi=9d4b1d4f0560,
https://x.com/0xmert_/status/1766518201263780230?s=46&t=LTSoDWXLa08Oi2VCOCK2Yg,
https://t.co/8h1g8Zxtah,
https://x.com/sui414/status/1766365525003899094?s=46&t=LTSoDWXLa08Oi2VCOCK2Yg,
https://0x.org/post/measuring-the-impact-of-hidden-dex-costs,
https://0x.org/post/market-making-in-defi,
https://x.com/tim_roughgarden/status/1765830287047458840?s=46&t=LTSoDWXLa08Oi2VCOCK2Yg,
https://blog.hack.vc/unbundling-mev-supplychain-part-1-history-and-evolution/,
https://x.com/danrobinson/status/1765773423090012433?s=46&t=LTSoDWXLa08Oi2VCOCK2Yg,
https://research.opyn.co/everything-is-a-perp,https://x.com/danrobinson/status/1765495509106721180?s=46&t=LTSoDWXLa08Oi2VCOCK2Yg
https://x.com/danrobinson/status/1765495509106721180?s=46&t=LTSoDWXLa08Oi2VCOCK2Yg,
https://x.com/mountainwaterpi/status/1765463000025071971?s=46&t=LTSoDWXLa08Oi2VCOCK2Yg,
https://x.com/pujaohlhaver/status/1765416019198193916?s=46&t=LTSoDWXLa08Oi2VCOCK2Yg,
https://blog.curvemonitor.com/posts/ng-mev/,
https://coinaute.com/en/uniswap-in-the-spotlight-for-its-kyc-v4-hook-procedure/,
https://learnweb3.io/lessons/uniswap-v4-hooks-create-a-fully-on-chain-take-profit-orders-hook-on-uniswap-v4/,
https://www.datawallet.com/crypto/uniswap-v4-explained,
https://mteam.space/eth-sequencing-preconfs-resources/based_rollups.html,
https://www.bankless.com/fragmentation,https://mteam.space/eth-sequencing-preconfs-resources/based_rollups.html
https://www.brink.trade/resources,
https://medium.com/collab-currency/,
https://medium.com/@0kage/,
https://medium.com/@cryptofairy/,
https://medium.com/offchainlabs/,
https://medium.com/immunefi/,
https://medium.com/@defidevin/,
https://medium.com/@titania-research/,
https://medium.com/rektoff/,
https://medium.com/@umbrellaresearch/,
https://medium.com/@auralshin/,
https://medium.com/coinmonks/,
https://medium.com/@Prestwich/,
https://medium.com/@espressosys/,
https://medium.com/citadel-one/,
https://medium.com/connext/,
https://medium.com/amber-group/,
https://medium.com/immunefi/,
https://medium.com/gyroscope-protocol/,
https://medium.com/ethereum-optimism/,
https://optimism.mirror.xyz/