website,referrer
https://github.com/flashbots/mev-research,https://www.twitter.com/unlock_VALue
https://www.mechanism.org/,https://www.twitter.com/unlock_VALue
https://collective.flashbots.net/,https://www.twitter.com/unlock_VALue
https://writings.flashbots.net/,https://www.twitter.com/unlock_VALue
https://ethresear.ch/,https://www.twitter.com/unlock_VALue
https://frontier.tech/,https://www.twitter.com/unlock_VALue
https://medium.com/gauntlet-networks/,https://www.twitter.com/unlock_VALue
https://alcueca.medium.com/,https://www.twitter.com/unlock_VALue
https://www.tldresear.ch/,https://www.twitter.com/unlock_VALue
https://blog.openblocklabs.com/,https://www.twitter.com/unlock_VALue
https://www.paradigm.xyz/,https://www.twitter.com/unlock_VALue
https://jumpcrypto.com/writing/,https://www.twitter.com/unlock_VALue
https://a16zcrypto.com/,https://www.twitter.com/unlock_VALue
https://variant.fund/writing/,https://www.twitter.com/unlock_VALue
https://zeeprime.capital/blog,https://www.twitter.com/unlock_VALue
https://www.maven11.com/publications,https://www.twitter.com/unlock_VALue
https://chaoslabs.xyz/research,https://www.twitter.com/unlock_VALue
https://www.longhash.vc/insights/,https://www.twitter.com/unlock_VALue
https://cumberland.io/insights/research,https://www.twitter.com/unlock_VALue
https://adjacentresearch.xyz/list.html,https://www.twitter.com/unlock_VALue
https://panteracapital.com/blockchain-letter/,https://www.twitter.com/unlock_VALue
https://blog.uniswap.org/,https://www.twitter.com/unlock_VALue
https://crocswap.medium.com/,https://www.twitter.com/unlock_VALue
http://www.aiforeconomics.com/,https://www.twitter.com/unlock_VALue
https://vitalik.ca/,https://www.twitter.com/unlock_VALue
https://hackmd.io/@sxysun,https://www.twitter.com/unlock_VALue
https://niraj.io/,https://www.twitter.com/unlock_VALue
https://alexobadia.com,https://www.twitter.com/freddmannen
https://www.propellerheads.xyz/blog,https://www.twitter.com/freddmannen
https://eth2book.info/capella/,https://www.twitter.com/freddmannen
https://pintail.xyz/posts/post-merge-mev/,https://www.twitter.com/freddmannen
https://medium.com/@aestus_relay,https://www.twitter.com/freddmannen
https://medium.com/@dsl_uiuc,https://www.twitter.com/freddmannen
https://medium.com/@nashqueue,https://www.twitter.com/freddmannen
https://medium.com/@toni_w,https://www.twitter.com/freddmannen
https://mirror.xyz/0x00000a2A02540A0D92e209F9f5F7e104745e06Ba,https://www.twitter.com/freddmannen
https://mirror.xyz/0x03c29504CEcCa30B93FF5774183a1358D41fbeB1,https://www.twitter.com/freddmannen
https://mirror.xyz/0x592Dd47b24e4CDA75491c6CB023193423964cCcb,https://www.twitter.com/freddmannen
https://mirror.xyz/0xshittrader.eth,https://www.twitter.com/freddmannen
https://mirror.xyz/antidiego.eth,https://www.twitter.com/freddmannen
https://mirror.xyz/apriori.eth,https://www.twitter.com/freddmannen
https://mirror.xyz/evandekim.eth,https://www.twitter.com/freddmannen
https://mirror.xyz/ohotties.eth,https://www.twitter.com/freddmannen
https://mirror.xyz/sajz.sismo.eth,https://www.twitter.com/freddmannen
https://dba.mirror.xyz/,https://www.twitter.com/freddmannen
https://crypto.mirror.xyz/,https://www.twitter.com/freddmannen
https://substack.com/@barnabe,https://www.twitter.com/freddmannen
https://substack.com/@bittokoin,https://www.twitter.com/freddmannen
https://substack.com/@eigenphi,https://www.twitter.com/freddmannen
https://substack.com/@joncharbonneau,https://www.twitter.com/freddmannen
https://substack.com/@noxx,https://www.twitter.com/freddmannen
https://substack.com/@prestwich,https://www.twitter.com/freddmannen
https://substack.com/@robustincentives,https://www.twitter.com/freddmannen
https://hackmd.io/@dmarz,https://www.twitter.com/freddmannen
https://hackmd.io/@EspressoSystems,https://www.twitter.com/freddmannen
https://hackmd.io/@ttsao,https://www.twitter.com/freddmannen
https://notes.ethereum.org/@mikeneuder,https://www.twitter.com/freddmannen
https://domothy.com/,https://www.twitter.com/freddmannen
https://medium.com/wintermute-trading,https://www.twitter.com/unlock_VALue
https://ethresear.ch/u/fradamt/activity/topics,https://www.twitter.com/freddmannen
https://notes.ethereum.org/@vbuterin,https://www.twitter.com/freddmannen
https://twitter.com/PropellerSwap,https://www.twitter.com/unlock_VALue
https://scrt.network/,https://www.twitter.com/unlock_VALue
https://www.rook.fi/,https://www.twitter.com/unlock_VALue
https://www.mevwatch.info/,https://www.twitter.com/unlock_VALue
https://www.relayscan.io/,https://www.twitter.com/unlock_VALue
https://www.givedirectly.org/,https://www.twitter.com/unlock_VALue
https://www.eip4844.com/,https://www.twitter.com/unlock_VALue
https://www.cs.cmu.edu/,https://www.twitter.com/unlock_VALue
https://mevblocker.io/,https://www.twitter.com/unlock_VALue
https://www.iexexchange.io/technology,https://www.twitter.com/unlock_VALue
https://www.cooperativeai.com/,https://www.twitter.com/unlock_VALue
https://docs.renegade.fi/,https://www.twitter.com/unlock_VALue
https://renegade.fi/,https://www.twitter.com/unlock_VALue
https://redirect.cs.umbc.edu/,https://www.twitter.com/unlock_VALue
https://swap.cow.fi/,https://www.twitter.com/unlock_VALue
https://www.propellerheads.xyz/,https://www.twitter.com/unlock_VALue
https://www.rwa.xyz/,https://www.twitter.com/unlock_VALue
https://www.purestream.tech/,https://www.twitter.com/unlock_VALue
https://www.mit.edu/,https://www.twitter.com/unlock_VALue
https://transitivitymaximalists.github.io/,https://www.twitter.com/unlock_VALue
https://www3.nd.edu/,https://www.twitter.com/unlock_VALue
https://www.medium.com/dragonfly-research,https://www.twitter.com/unlock_VALue
https://www.taker.mirror.xyz,https://www.twitter.com/unlock_VALue
https://jumpcrypto.com/writing/research/,https://www.twitter.com/unlock_VALue
https://docs.flashbots.net/new-to-mev/,https://www.twitter.com/unlock_VALue
https://research.anoma.net/,https://www.twitter.com/barnabemonnot
https://xenophonlabs.com/portfolio.html,https://www.twitter.com/unlock_VALue
https://outlierventures.io/research/,https://www.twitter.com/unlock_VALue
https://anishagnihotri.com/,https://www.twitter.com/unlock_VALue
https://mirror.xyz/sevenxventures.eth,https://www.twitter.com/unlock_VALue
https://davidecrapis.notion.site/f5f51d16f7b64bd3a7453b9a4f52313a?v=e28a25632c9f4ff3b4a9205bf5e12dd5,https://twitter.com/Freddmannen
https://dragonfly.xyz/#research,https://www.twitter.com/unlock_VALue
https://blocknative.com/blog,https://www.twitter.com/unlock_VALue
https://medium.com/@alexandreobadia,https://twitter.com/Freddmannen
https://medium.com/@skip_protocol,https://www.twitter.com/unlock_VALue
https://threesigma.xyz/blog,https://www.twitter.com/unlock_VALue
https://www.egirlcapital.com/writings/,https://www.twitter.com/unlock_VALue
https://research.dat.animoca.space/,https://www.twitter.com/unlock_VALue
https://volt.capital/writing,https://www.twitter.com/unlock_VALue
https://blog.codex.storage/,https://www.twitter.com/unlock_VALue
https://initc3org.medium.com/,https://www.twitter.com/unlock_VALue
https://mirror.xyz/0xE21b1e6f471EDeF18264e9BBe51b7fA7643EE6B5,https://twitter.com/Freddmannen
https://mirror.xyz/0x916563f8476b988855af0b8b8A3D56072E1917FA/ZhTQJ6qiurBTHBNuF08GudWBQ8x9p3P-12vo-C9czKE,https://twitter.com/unlock_VALue
https://blog.20squares.xyz,https://twitter.com/unlock_VALue
https://mirror.xyz/0xshittrader.eth/WiV8DM3I6abNMVsXf-DqioYb2NglnfjmM-zSsw2ruG8,https://twitter.com/0x_emperor
https://mirror.xyz/0xshittrader.eth/c6J_PCK87K3joTWmLEtG6qVN6BFXLBZxQniReYSEjLI,https://twitter.com/0x_emperor
https://mirror.xyz/0xshittrader.eth/f2VSuoZ91vAbCv82MtWM-Gosyf_DeUXfPlDx3EYV3RM,https://twitter.com/0x_emperor
https://explore.flashbots.net/,https://twitter.com/0x_emperor
https://mevboost.pics/,https://twitter.com/0x_emperor
https://ex.rs/,https://www.twitter.com/unlock_VALue
https://taiko.mirror.xyz/,https://www.twitter.com/unlock_VALue
https://multicoin.capital/writing/,https://www.twitter.com/unlock_VALue
https://anoma.net/blog,https://twitter.com/Freddmannen
https://vitalik.eth.limo/,https://www.twitter.com/unlock_VALue
https://www.monoceros.com/insights,https://www.twitter.com/unlock_VALue
https://kelvinfichter.com/pages/thoughts/,https://www.twitter.com/unlock_VALue
https://medium.com/@boneh,https://www.twitter.com/unlock_VALue
https://mirror.xyz/xenophonlabs.eth/EmgwRVmCc8Utvu6DmacS7dVGSl8ufkCss644z31z87I,https://www.twitter.com/unlock_VALue
https://medium.com/arrakis-finance,https://www.twitter.com/unlock_VALue
https://medium.com/galois-capital,https://www.twitter.com/unlock_VALue
https://medium.com/dydxderivatives,https://www.twitter.com/unlock_VALue
https://mirror.xyz/0x03c29504CEcCa30B93FF5774183a1358D41fbeB1/WKa3GFC03uY34d2MufTyD0c595xVRUEZi9RNG-dHNKs,https://www.twitter.com/unlock_VALue
https://www.oiler.network/,https://barnabe.substack.com/p/understanding-rollup-economics-from
https://mirror.xyz/evandekim.eth/kowg_VFD7lp5p12C4wcytc2rooVXgKnUwBd-KUKtndQ,https://www.twitter.com/unlock_VALue
https://docs.oval.xyz/,
https://blog.smlxl.io/,https://www.twitter.com/unlock_VALue
https://blog.conduit.xyz/,https://www.twitter.com/unlock_VALue
https://www.rareskills.io/,https://www.twitter.com/unlock_VALue
https://mirror.xyz/0x8958D0c419BCDFB8A86b8c0089552bE015fbe364/IzmGOJM8y_02JofILk7n4yAbCnVx4D7Zt3TAxKl04_U,
https://mirror.xyz/jasperthefriendlyghost.eth/Xv7lLt8SVTfCaFnVie50IvvFrI4-TkQTgZcxb_omEnA,https://twitter.com/drjasper_eth/status/1755448475851129309
https://mirror.xyz/preconf.eth/sgcuSbd1jgaRXj9odSJW-_OlWIg6jcDREw1hUJnXtgI,https://twitter.com/primev_xyz/status/1755287788746932733
https://www.helius.dev/blog/,https://www.twitter.com/unlock_VALue
https://terencecha.in/,
https://blog.mev.io/,https://www.twitter.com/unlock_VALue
https://medium.com/@bloqarl,
https://theblockchainerhub.xyz/,
https://medium.com/balancer-protocol/,
https://social-dilemmas.github.io/,
https://mirror.xyz/horsefacts.eth/Jex2YVaO65dda6zEyfM_-DXlXhOWCAoSpOx5PLocYgw,https://twitter.com/cvetanovv0/status/1756583902053818486
https://medium.com/tokemak,
https://mirror.xyz/stackrlabs.eth/PCLh7XSEkx4d2cZURXREKxQlvd4u3N2RzNJFhIE_SWs,https://twitter.com/Kautukkundan/status/1757854028388606106
https://risencrypto.github.io/,
https://uniswapv3book.com/,https://risencrypto.github.io/
https://medium.com/nethermind-eth,
https://mirror.xyz/0x265a3ef357c6E81594230bE2EEe3cD4Bc0ac4b49/13YHWFgUmRF6TFlxVW51zOxhAGV8dTx2G_TZZnUirSI,https://twitter.com/TalusNetwork/status/1762157302088434040
https://mirror.xyz/millietez.eth/ixD3xe-Q7JQowYcIFmGKxkPae_C5tCN9kWn9jXUhnKk,https://twitter.com/ddimitrovv22/status/1761861085840216151
https://docs.clusters.xyz/,
https://nil.foundation/blog,
https://nil.foundation/research,
https://mirror.xyz/veryearly.eth,
https://docs.uniswapfoundation.org/,
https://medium.com/numerai/,
https://docs.numerbay.ai/,
https://docs.numer.ai/,
https://lambert-guillaume.medium.com/,
https://litepaper.dymension.xyz/,
https://medium.com/@dymension/,
https://litepaper.lavanet.xyz/,
https://mirror.xyz/novaresearch.eth,
https://mirror.xyz/novaresearch.eth/a23yikWKFUYgrEZDi8Mjd-ORxpQeWV5AqxRTMX4gWBg,
https://mirror.xyz/novaresearch.eth/0I44XbH_nWZrpfNVVBU9MuY7VwMHVMIqWrzRC7Z59_g,
https://mirror.xyz/novaresearch.eth/qHt2DIkx4c5JUIqPtBUVBUB9SwxWG6TyqUyJFQivVhg,
https://mirror.xyz/novaresearch.eth/6af253ngMWqo0emTYUSHMzSopld9nkPuDenAdad7SNM,
https://mirror.xyz/novaresearch.eth/RlM7BhGVlGG_Wypm0cvxKVSZE-bhYR0acYxMSaY5RRQ,
https://mirror.xyz/novaresearch.eth/ws-k-GH0_aw7COEbfnN1BuBW3eLM3S6ZckZHTkkSv3M,
https://mirror.xyz/novaresearch.eth/vOELBrOx4Vzp0bmj8_bJifLgyavRy9nl1BFneZhs8pU,
https://mirror.xyz/novaresearch.eth/cvG6rmsrSU2f1nN1pPB7x9mEAaFnwExTb0joNW6qNVU,
https://mirror.xyz/novaresearch.eth/55Am6vj5yFuX-XhK4pUf9P4fbiWp4-gmnXuSBlD-nLM,
https://brokkrfinance.medium.com/,
https://paraswap.medium.com/,
https://figmentcapital.medium.com/,
https://fenbushicapital.medium.com/,
https://composablefi.medium.com/,
https://simbro.medium.com/,
https://atise.medium.com/,
https://pmcgoohan.medium.com/,
https://jeancvllr.medium.com/,
https://weka.medium.com/,
https://optimism.mirror.xyz/,
