Link,Author,Release Date,Title
https://forum.eigenlayer.xyz/t/eigenlayer-protocol-category/15,https://forum.eigenlayer.xyz/u/calvin,2023-07-01,EigenLayer Protocol category
https://forum.eigenlayer.xyz/t/eigenlayer-operator-avs-data-dashboard-on-restaked-app/13273,https://forum.eigenlayer.xyz/u/restaked,2024-04-16,EigenLayer Operator & AVS data dashboard on restaked.app
https://forum.eigenlayer.xyz/t/interact-with-eigenlayer-contracts-on-layer-2s/13217,https://forum.eigenlayer.xyz/u/supernova,2024-04-09,;Interact with EigenLayer contracts on Layer 2s
https://forum.eigenlayer.xyz/t/unstake-problem/12748,https://forum.eigenlayer.xyz/u/druny213,2024-03-05,Unstake problem
https://forum.eigenlayer.xyz/t/alexandrias-analysis-cmc-xangle-research-about-eigenlayer/4735,https://forum.eigenlayer.xyz/u/0xasharib,2024-02-20,Alexandriaâ€™s Analysis | CMC & Xangle Research About EigenLayer
https://forum.eigenlayer.xyz/t/explain-eigen-layer-a-restaking-primitive/221,https://forum.eigenlayer.xyz/u/0xasharib,2024-01-29,Explain Eigen Layer | A Restaking Primitive
https://forum.eigenlayer.xyz/t/rocket-pool-x-eigenlayer/12466,https://forum.eigenlayer.xyz/u/jasperthegovghost,2024-01-13,Rocket Pool x Eigenlayer
https://forum.eigenlayer.xyz/t/solo-staker-withdraw-surplus-eth/12427,https://forum.eigenlayer.xyz/u/dhigby,2024-01-13,Solo Staker - withdraw surplus ETH
https://forum.eigenlayer.xyz/t/in-what-currency-will-or-should-restaking-rewards-be-paid/12473,https://forum.eigenlayer.xyz/u/labdogeth,2024-01-08,In what currency will (or should) restaking rewards be paid?
https://forum.eigenlayer.xyz/t/elip-02-enhanced-decentralized-governance-and-dynamic-voting-mechanism/12248,https://forum.eigenlayer.xyz/u/tudorpintea999,2023-12-01,[ELIP-02] Enhanced Decentralized Governance and Dynamic Voting Mechanism
https://forum.eigenlayer.xyz/t/elip-01-eigenlayer-improvement-proposal-staker-driven-module-evaluation-and-risk-assessment-framework/12186,https://forum.eigenlayer.xyz/u/tudorpintea999,2023-11-01,ELIP-01: EigenLayer Improvement Proposal Staker-Driven Module Evaluation and Risk Assessment Framework
https://forum.eigenlayer.xyz/t/enhancement-of-pooled-security-mechanisms-in-eigenlayer-blockchain/12202,https://forum.eigenlayer.xyz/u/nnsw3,2023-11-01,Enhancement of Pooled Security Mechanisms in EigenLayer Blockchain
https://forum.eigenlayer.xyz/t/11-lagrange-cross-chain-state-committees/10280,https://forum.eigenlayer.xyz/u/sunali,2023-08-01,11. Lagrange Cross-Chain State Committees
https://forum.eigenlayer.xyz/t/eigenlayer-protocol-governance-part-ii/3440,https://forum.eigenlayer.xyz/u/mdesim01,2023-08-01,EigenLayer Protocol Governance (Part II)
https://forum.eigenlayer.xyz/t/slashing-mechanism/3442,https://forum.eigenlayer.xyz/u/sam.omw1,2023-08-01,Slashing mechanism
https://forum.eigenlayer.xyz/t/receiving-slashed-funds-as-a-middleware/3443,https://forum.eigenlayer.xyz/u/meir,2023-08-01,Receiving slashed funds as a middleware
https://forum.eigenlayer.xyz/t/native-restaking-without-the-lsd/7022,https://forum.eigenlayer.xyz/u/natemiller,2023-08-01,Native Restaking without the LSD
https://forum.eigenlayer.xyz/t/a-grants-program-for-funding-middleware-service-development-on-eigenlayer/1852,https://forum.eigenlayer.xyz/u/mdesim01,2023-08-01,A Grants Program for Funding Middleware Service Development on EigenLayer
https://forum.eigenlayer.xyz/t/liveness-of-avs/414,https://forum.eigenlayer.xyz/u/jehan,2023-08-01,Liveness of AVS
https://forum.eigenlayer.xyz/t/change-validator-withdrawal-credentials-of-an-existing-validator-with-type-0x01/7092,https://forum.eigenlayer.xyz/u/dennis,2023-08-01,Change validator withdrawal credentials of an existing validator with type 0x01
