Base URL,article
https://alcueca.medium.com/,https://alcueca.medium.com/how-to-review-a-governance-action-in-ehereum-86d141ecd540
https://alcueca.medium.com/,https://medium.com/tag/blockchainblockchain-----------------
https://alcueca.medium.com/,https://alcueca.medium.com/how-to-design-a-lending-protocol-on-ethereum-18ba5849aaf0
https://alcueca.medium.com/,https://medium.com/tag/ethereumethereum-----------------
https://alcueca.medium.com/,https://medium.com/yield-protocol
https://alcueca.medium.com/,https://alcueca.medium.com/strategy-v2-burn-bug-post-mortem-51003ebcae5a
https://alcueca.medium.com/,https://medium.com/coinmonks
https://alcueca.medium.com/,https://alcueca.medium.com/smart-contract-fuzzing-d9b88e0b0a05
https://alcueca.medium.com/,https://alcueca.medium.com/how-to-implement-gas-less-transactions-on-ethereum-9f9273d2f059
https://alcueca.medium.com/,https://medium.com/tag/how-tohow_to-----------------
https://alcueca.medium.com/,https://alcueca.medium.com/smart-contract-orchestration-patterns-b9043b7c27c4
https://alcueca.medium.com/,https://medium.com/swlh
https://alcueca.medium.com/,https://alcueca.medium.com/blockchain-democracy-932b969d1cc5
https://alcueca.medium.com/,https://alcueca.medium.com/how-to-use-accesscontrol-sol-9ea3a57f4b15
https://alcueca.medium.com/,https://alcueca.medium.com/smart-contracts-are-not-databases-5bb5926223be
https://alcueca.medium.com/,https://alcueca.medium.com/how-to-implement-an-erc721-market-f805959ddcf
https://alcueca.medium.com/,https://alcueca.medium.com/a-linked-list-implementation-for-ethereum-a2915bf8122f
https://alcueca.medium.com/,https://alcueca.medium.com/should-i-build-a-proof-of-concept-or-a-minimum-viable-product-d8b70049b025
https://alcueca.medium.com/,https://medium.com/tag/software-developmentsoftware_development-----------------
https://alcueca.medium.com/,https://alcueca.medium.com/how-to-build-an-energy-market-on-a-blockchain-c43b0cfc2d12
https://alcueca.medium.com/,https://alcueca.medium.com/guide-to-ownership-and-access-control-in-solidity-f2d99f63c6d4
https://alcueca.medium.com/,https://alcueca.medium.com/how-not-to-run-out-of-gas-in-ethereum-a5ceae2f5977
https://alcueca.medium.com/,https://medium.com/hackernoon
https://alcueca.medium.com/,https://alcueca.medium.com/how-to-tokenize-houses-on-a-blockchain-a47dfb18cc2c
https://alcueca.medium.com/,https://alcueca.medium.com/understanding-cryptocurrency-development-6480d61cece4
https://alcueca.medium.com/,https://alcueca.medium.com/a-simple-blockchain-application-for-data-verification-c288a64e0d24
https://alcueca.medium.com/,https://alcueca.medium.com/i-was-the-blockchain-architect-for-a-dozen-projects-and-this-is-what-i-learnt-7a17b36bad02
https://alcueca.medium.com/,https://alcueca.medium.com/implementing-asset-ownership-without-tokens-1d5ae0238590
https://crocswap.medium.com/,https://crocswap.medium.com/ambient-finance-raises-seed-round-funding-78328f4fa7e
https://crocswap.medium.com/,https://crocswap.medium.com/discrimination-of-toxic-flow-in-uniswap-v3-part-4-c09656ec016e
https://crocswap.medium.com/,https://crocswap.medium.com/discrimination-of-toxic-flow-in-uniswap-v3-part-3-4afb386311c0
https://crocswap.medium.com/,https://crocswap.medium.com/discrimination-of-toxic-flow-in-uniswap-v3-part-2-21d84aaa33f5
https://crocswap.medium.com/,https://crocswap.medium.com/discrimination-of-toxic-flow-in-uniswap-v3-part-1-fb5b6e01398b
https://crocswap.medium.com/,https://crocswap.medium.com/follow-up-analyses-of-lp-profitability-in-uniswap-v3-2cfc8c5e014e
https://crocswap.medium.com/,https://crocswap.medium.com/benchmarking-the-performance-of-automated-liquidity-vault-strategies-81a6facf617b
https://crocswap.medium.com/,https://crocswap.medium.com/usage-of-markout-to-calculate-lp-profitability-in-uniswap-v3-e32773b1a88e
https://crocswap.medium.com/,https://crocswap.medium.com/constructing-multivariate-models-to-improve-a-eth-usdc-dynamic-fee-policy-5d8318f4ede6
https://crocswap.medium.com/,https://crocswap.medium.com/designing-a-dynamic-fee-policy-that-outperforms-all-uniswap-eth-usdc-pools-8948b0cc72ab
https://crocswap.medium.com/,https://crocswap.medium.com/exploring-low-resolution-dynamics-of-uniswap-fee-performance-820bea2f0b90
https://crocswap.medium.com/,https://crocswap.medium.com/why-use-a-dynamic-fee-for-liquidity-pools-def07a1e6c3b
https://crocswap.medium.com/,https://crocswap.medium.com/stablecoins-on-uniswap-v3-25b88ba36bd3
https://crocswap.medium.com/,https://crocswap.medium.com/unraveling-a-puzzle-a-per-wallet-analysis-of-eth-usdc-liquidity-on-uniswap-v3-a00b0f836ac3
https://crocswap.medium.com/,https://crocswap.medium.com/theory-vs-practice-a-deeper-look-at-eth-usdc-liquidity-dynamics-1c75ec432a7c
https://crocswap.medium.com/,https://crocswap.medium.com/impermanent-loss-and-jit-liquidity-in-the-uniswap-eth-usdc-0-3-pool-8fc58c755d7
https://crocswap.medium.com/,https://crocswap.medium.com/a-study-on-apes-profits-vs-impermanent-losses-56667e4029e6
https://crocswap.medium.com/,https://crocswap.medium.com/introducing-crocswap-99407a134364
https://medium.com/@aestus_relay,https://medium.com/@aestus_relay/@aestus_relay
https://medium.com/@dsl_uiuc,https://medium.com/@dsl_uiuc/@dsl_uiuc
https://medium.com/@nashqueue,https://medium.com/@nashqueue/@nashqueue
https://medium.com/@toni_w,https://medium.com/@toni_w/@toni_w
https://medium.com/@alexandreobadia,https://medium.com/flashbots
https://medium.com/@alexandreobadia,https://medium.com/@alexandreobadia/flashbots/quantifying-mev-introducing-mev-explore-v0-5ccbee0f6d02
https://medium.com/@alexandreobadia,https://medium.com/@alexandreobadia/flashbots/frontrunning-the-mev-crisis-40629a613752
https://medium.com/@alexandreobadia,https://medium.com/cambrial-capital
https://medium.com/@alexandreobadia,https://medium.com/@alexandreobadia/cambrial-capital/exploring-defi-trading-strategies-arbitrage-in-defi-7736dc5dd77a
https://medium.com/@alexandreobadia,https://medium.com/@alexandreobadia/cambrial-capital/generalized-mining-and-the-third-party-economy-meetup-ee23442a4720
https://medium.com/@alexandreobadia,https://medium.com/alex-obadia
https://medium.com/@alexandreobadia,https://medium.com/@alexandreobadia/alex-obadia/my-top-5-ai-trends-to-focus-on-ef8b3b7f646
https://medium.com/@skip_protocol,https://medium.com/@skip_protocol/@skip_protocol
https://initc3org.medium.com/,https://initc3org.medium.com/daos-must-confront-dark-daos-or-fall-under-their-shadow-b4c47cb6a1be
https://initc3org.medium.com/,https://medium.com/tag/computer-sciencecomputer_science-----------------
https://initc3org.medium.com/,https://initc3org.medium.com/the-d-in-dao-we-ve-all-been-getting-it-wrong-9b4982171d8f
https://initc3org.medium.com/,https://medium.com/tag/blockchainblockchain-----------------
https://initc3org.medium.com/,https://initc3org.medium.com/f3b-a-practical-per-transaction-front-running-mitigation-solution-for-blockchain-2b3b0d5b9891
https://initc3org.medium.com/,https://initc3org.medium.com/tee-rollups-fixing-access-patterns-in-tee-based-smart-contracts-with-off-chain-computing-6b15dd3d9796
https://initc3org.medium.com/,https://initc3org.medium.com/the-sting-framework-sf-ef00702c88c7
https://initc3org.medium.com/,https://initc3org.medium.com/prof-fair-transaction-ordering-in-a-profit-seeking-world-b6dadd71f086
https://initc3org.medium.com/,https://medium.com/initc3org
https://initc3org.medium.com/,https://initc3org.medium.com/complete-knowledge-eecdda172a81
https://initc3org.medium.com/,https://initc3org.medium.com/atomic-nfts-cdc1c30deec6
https://initc3org.medium.com/,https://initc3org.medium.com/anchored-nfts-33148b905105
https://initc3org.medium.com/,https://medium.com/tag/nftnft-----------------
https://initc3org.medium.com/,https://initc3org.medium.com/strategic-latency-reduction-in-blockchain-peer-to-peer-networks-6599bf38fd53
https://initc3org.medium.com/,https://initc3org.medium.com/future-possibilities-for-the-nft-art-market-cb37604d81d9
https://initc3org.medium.com/,https://initc3org.medium.com/copyright-vulnerabilities-in-nfts-317e02d8ae26
https://initc3org.medium.com/,https://initc3org.medium.com/order-fair-consensus-reducing-mev-at-the-consensus-layer-691c98d92127
https://initc3org.medium.com/,https://initc3org.medium.com/red-flags-for-smart-contract-pyramid-schemes-in-2021-f017022c1e5c
https://initc3org.medium.com/,https://initc3org.medium.com/using-universal-composability-to-implement-off-chain-payment-channels-appendix-a21bc0805501
https://initc3org.medium.com/,https://initc3org.medium.com/using-universal-composability-to-implement-off-chain-payment-channels-d63cc40ddf2f
https://initc3org.medium.com/,https://initc3org.medium.com/making-decentralized-identity-possible-with-candid-231d9ffe3154
https://medium.com/@boneh,https://medium.com/@boneh/@boneh
https://medium.com/@bloqarl,https://medium.com/@bloqarl/@bloqarl
https://medium.com/@bloqarl,https://medium.com/rektoff
https://medium.com/@bloqarl,https://medium.com/@bloqarl/rektoff/a-security-system-starts-with-the-testing-how-to-properly-battle-test-your-smart-contracts-4dd3a7538959
https://medium.com/@bloqarl,https://medium.com/@bloqarl/rektoff/top-10-vulnerabilities-in-substrate-based-blockchains-using-rust-d454279521ff
https://lambert-guillaume.medium.com/,https://lambert-guillaume.medium.com/uniswap-v3-lp-tokens-as-perpetual-put-and-call-options-5b66219db827
https://lambert-guillaume.medium.com/,https://medium.com/tag/uniswapuniswap-----------------
https://lambert-guillaume.medium.com/,https://lambert-guillaume.medium.com/designing-a-constant-volatility-amm-e167278b5d61
https://lambert-guillaume.medium.com/,https://medium.com/tag/defidefi-----------------
https://lambert-guillaume.medium.com/,https://lambert-guillaume.medium.com/gamma-transforms-how-to-hedge-squeeth-using-uni-v3-da785cb8b378
https://lambert-guillaume.medium.com/,https://lambert-guillaume.medium.com/how-to-deploy-delta-neutral-liquidity-in-uniswap-or-why-euler-finance-is-a-game-changer-for-lps-1d91efe1e8ac
https://lambert-guillaume.medium.com/,https://lambert-guillaume.medium.com/on-chain-volatility-and-uniswap-v3-d031b98143d1
https://lambert-guillaume.medium.com/,https://lambert-guillaume.medium.com/pricing-uniswap-v3-lp-positions-towards-a-new-options-paradigm-dce3e3b50125
https://lambert-guillaume.medium.com/,https://medium.com/tag/ethereumethereum-----------------
https://lambert-guillaume.medium.com/,https://lambert-guillaume.medium.com/an-analysis-of-the-expected-value-of-the-impermanent-loss-in-uniswap-bfbfebbefed2
https://lambert-guillaume.medium.com/,https://lambert-guillaume.medium.com/a-guide-for-choosing-optimal-uniswap-v3-lp-positions-part-2-4a94b0a12886
https://lambert-guillaume.medium.com/,https://lambert-guillaume.medium.com/how-to-create-a-perpetual-options-in-uniswap-v3-3c40007ccf1
https://lambert-guillaume.medium.com/,https://lambert-guillaume.medium.com/a-guide-for-choosing-optimal-uniswap-v3-lp-positions-part-1-842b470d2261
https://lambert-guillaume.medium.com/,https://lambert-guillaume.medium.com/understanding-the-value-of-uniswap-v3-liquidity-positions-cdaaee127fe7
https://lambert-guillaume.medium.com/,https://lambert-guillaume.medium.com/synthetic-options-and-short-calls-in-uniswap-v3-a3aea5e4e273
https://medium.com/@dymension/,https://medium.com/@dymension/@dymension
https://medium.com/@0kage/,https://medium.com/@0kage/@0kage
https://brokkrfinance.medium.com/,https://brokkrfinance.medium.com/overview-of-brokkr-hooks-for-uniswapv4-d37d1e9c272a
https://brokkrfinance.medium.com/,https://medium.com/tag/brokkrbrokkr-----------------
https://brokkrfinance.medium.com/,https://brokkrfinance.medium.com/brokkr-roadmap-2024-ca39eb2ceb55
https://brokkrfinance.medium.com/,https://brokkrfinance.medium.com/combining-hooks-for-univ4-dynamic-fees-liquidity-locking-acc9b8dde649
https://brokkrfinance.medium.com/,https://brokkrfinance.medium.com/bro-migration-to-arbitrum-64543abfc262
https://brokkrfinance.medium.com/,https://brokkrfinance.medium.com/liquidity-management-uniswapv4-hook-ba26321f1f99
https://brokkrfinance.medium.com/,https://medium.com/tag/uniswapuniswap-----------------
https://brokkrfinance.medium.com/,https://brokkrfinance.medium.com/brokkr-crypto-indexes-jan23-arbitrum-defi-continues-upwards-while-avalanche-struggles-77e836eef57d
https://brokkrfinance.medium.com/,https://brokkrfinance.medium.com/dynamic-fees-by-volume-uniswapv4-hook-072d3dcfac2d
https://brokkrfinance.medium.com/,https://brokkrfinance.medium.com/brokkr-crypto-indexes-dec23-arbitrum-increases-while-avalanche-dips-4e6d13cb4a8c
https://brokkrfinance.medium.com/,https://brokkrfinance.medium.com/brokkr-roadmap-2024-10f9424a2a31
https://brokkrfinance.medium.com/,https://brokkrfinance.medium.com/brokkr-crypto-indexes-nov23-up-to-204-gains-e66a47174106
https://brokkrfinance.medium.com/,https://brokkrfinance.medium.com/brokkr-new-tokenomics-b44c161d9347
https://brokkrfinance.medium.com/,https://brokkrfinance.medium.com/brokkr-v3-liquidity-management-strategies-fd232f97e1b6
https://brokkrfinance.medium.com/,https://medium.com/tag/uniswap-v3uniswap_v3-----------------
https://brokkrfinance.medium.com/,https://brokkrfinance.medium.com/locking-liquidity-hook-for-univ4-builders-perspective-44e192eefe1f
https://brokkrfinance.medium.com/,https://brokkrfinance.medium.com/uniswapv4-dream-pools-become-reality-742466893352
https://brokkrfinance.medium.com/,https://brokkrfinance.medium.com/brokkr-product-ops-update-b6eda0853eb1
https://brokkrfinance.medium.com/,https://brokkrfinance.medium.com/the-ultimate-guide-to-concentrated-liquidity-2f86f1639d56
https://brokkrfinance.medium.com/,https://brokkrfinance.medium.com/brokkr-next-steps-indexes-and-beyond-8e44bf77350e
https://brokkrfinance.medium.com/,https://brokkrfinance.medium.com/brokkr-restructure-and-next-steps-6a826722c763
https://brokkrfinance.medium.com/,https://brokkrfinance.medium.com/brokkr-community-update-november-22-7ab565b132f1
https://brokkrfinance.medium.com/,https://brokkrfinance.medium.com/autofarmed-bitcoin-dca-delta-neutral-strategies-coming-to-brokkr-164c34937ab9
https://medium.com/@cryptofairy/,https://medium.com/@cryptofairy/@cryptofairy
https://medium.com/@cryptofairy/,https://policy.medium.com/medium-privacy-policy-f03bf92035c9?source=newsletter_v3_promo--------------------------newsletter_v3_promo-----------
https://medium.com/@cryptofairy/,https://medium.com/coinmonks
https://medium.com/@cryptofairy/,https://medium.com/@cryptofairy/coinmonks/under-the-hood-of-zksnarks-plonk-protocol-part-2-ee00d6accb4d
https://medium.com/@cryptofairy/,https://medium.com/@cryptofairy/coinmonks/under-the-hood-of-zksnarks-plonk-protocol-part-1-34bc406d8303
https://medium.com/@cryptofairy/,https://medium.com/@cryptofairy/coinmonks/trusted-setup-in-zksnarks-powers-of-tau-vs-lagrange-basis-7f12978f1eb9
https://medium.com/@cryptofairy/,https://medium.com/@cryptofairy/coinmonks/under-the-hood-of-zksnark-groth16-protocol-part-6-b9aa952a2ce2
https://medium.com/@cryptofairy/,https://medium.com/@cryptofairy/coinmonks/under-the-hood-of-zksnark-groth16-protocol-part-5-2a958f7051c2
https://medium.com/@cryptofairy/,https://medium.com/@cryptofairy/coinmonks/under-the-hood-of-zksnark-groth16-protocol-part-4-53667944366f
https://medium.com/@cryptofairy/,https://medium.com/@cryptofairy/coinmonks/under-the-hood-of-zksnark-groth16-protocol-part-3-9d3e0934607b
https://medium.com/@cryptofairy/,https://medium.com/@cryptofairy/coinmonks/under-the-hood-of-zksnark-groth16-protocol-part-2-ca3962c50947
https://medium.com/@cryptofairy/,https://medium.com/@cryptofairy/coinmonks/under-the-hood-of-zksnark-groth16-protocol-2843b0d1558b
https://paraswap.medium.com/,https://paraswap.medium.com/announcing-paraswap-v6-and-the-dawn-of-decentralized-intents-ad4eef0e9b3f
https://paraswap.medium.com/,https://medium.com/paraswap
https://paraswap.medium.com/,https://paraswap.medium.com/paraswap-launches-on-polygon-zkevm-in-partnership-with-quickswap-85b306cb557
https://paraswap.medium.com/,https://paraswap.medium.com/paraswap-introduces-its-new-multichain-limit-orders-protocol-38cdf7764eab
https://paraswap.medium.com/,https://medium.com/tag/defidefi-----------------
https://paraswap.medium.com/,https://paraswap.medium.com/paraswap-launches-the-first-nft-p2p-mobile-trading-app-on-ios-b46d77ebd0c0
https://paraswap.medium.com/,https://paraswap.medium.com/last-month-in-paraswap-open-integrations-gas-refund-programs-and-more-ebf47e784db
https://paraswap.medium.com/,https://medium.com/tag/cryptocrypto-----------------
https://paraswap.medium.com/,https://paraswap.medium.com/paraswap-launching-on-fantom-to-extend-its-dex-aggregator-service-6da1797fda52
https://paraswap.medium.com/,https://paraswap.medium.com/paraswap-is-live-on-avalanche-14106fc7371e
https://paraswap.medium.com/,https://medium.com/tag/ethereumethereum-----------------
https://paraswap.medium.com/,https://paraswap.medium.com/paraswap-will-integrate-chainlink-keepers-to-bring-limit-order-functionality-to-its-dex-aggregator-51cefc484403
https://paraswap.medium.com/,https://paraswap.medium.com/paraswap-meme-competition-81b92f993666
https://paraswap.medium.com/,https://medium.com/tag/dexdex-----------------
https://paraswap.medium.com/,https://paraswap.medium.com/what-is-redux-gas-token-cc20cc55fbd7
https://paraswap.medium.com/,https://paraswap.medium.com/its-happy-farming-hour-5634f0c517c5
https://paraswap.medium.com/,https://paraswap.medium.com/introducing-paraswaps-new-ui-a-significant-upgrade-for-our-contracts-ed15d632e1d0
https://paraswap.medium.com/,https://paraswap.medium.com/towards-a-community-owned-driven-defi-middleware-b7860c55d6a6
https://paraswap.medium.com/,https://paraswap.medium.com/paraswap-is-now-integrated-natively-into-the-monolith-wallet-f21da1cfaaf2
https://paraswap.medium.com/,https://paraswap.medium.com/paraswap-quickstart-everything-you-need-to-know-to-swap-like-a-pro-53b72a541ad9
https://paraswap.medium.com/,https://paraswap.medium.com/paraswap-to-use-chainlink-oracles-for-more-accurate-and-reliable-pricing-of-eth-and-erc-20-tokens-8141037ea477
https://paraswap.medium.com/,https://medium.com/tag/chain-linkchain_link-----------------
https://medium.com/@defidevin/,https://medium.com/gammaswap-labs
https://medium.com/@defidevin/,https://medium.com/@defidevin/gammaswap-labs/introducing-gammaswap-points-2527a156e359
https://medium.com/@defidevin/,https://medium.com/@defidevin/@defidevin
https://medium.com/@defidevin/,https://medium.com/@defidevin/gammaswap-labs/esgmx-vecrv-gauges-esgs-70fd496805e1
https://medium.com/@defidevin/,https://medium.com/@defidevin/gammaswap-labs/building-sustainable-protocols-the-emissions-efficiency-ratio-eer-crypto-ouroboros-83ddb97f7408
https://medium.com/@defidevin/,https://medium.com/@defidevin/gammaswap-labs/monthly-recap-november-23-a61cd6de95ad
https://medium.com/@defidevin/,https://medium.com/@defidevin/gammaswap-labs/monthly-recap-october-23-51c2c033833d
https://medium.com/@defidevin/,https://medium.com/@defidevin/gammaswap-labs/gammaswap-is-officially-live-on-arbitrum-mainnet-e8a89e43ddb8
https://medium.com/@defidevin/,https://medium.com/@defidevin/gammaswap-labs/gammaswap-x-rysk-finance-trading-competition-938ee16f93a5
https://medium.com/@defidevin/,https://medium.com/@defidevin/gammaswap-labs/gammaswap-closes-1-7m-seed-round-to-revolutionize-defi-impermanent-gains-5af472c9497a
https://figmentcapital.medium.com/,https://figmentcapital.medium.com/the-proof-supply-chain-be6a6a884eff
https://figmentcapital.medium.com/,https://figmentcapital.medium.com/atoms-highwire-act-balancing-security-in-a-shared-cosmos-19c0f0d0987a
https://figmentcapital.medium.com/,https://medium.com/tag/replicated-securityreplicated_security-----------------
https://figmentcapital.medium.com/,https://figmentcapital.medium.com/growing-the-application-layer-d01328c0350a
https://figmentcapital.medium.com/,https://figmentcapital.medium.com/eyes-and-orders-on-crypto-front-ends-a248038bb90d
https://figmentcapital.medium.com/,https://figmentcapital.medium.com/decentralized-proving-proof-markets-and-zk-infrastructure-f4cce2c58596
https://figmentcapital.medium.com/,https://medium.com/tag/zero-knowledge-proofszero_knowledge_proofs-----------------
https://figmentcapital.medium.com/,https://figmentcapital.medium.com/distributed-sequencer-technology-a-path-to-decentralized-sequencing-549662cc9912
https://figmentcapital.medium.com/,https://medium.com/tag/rolluprollup-----------------
https://figmentcapital.medium.com/,https://figmentcapital.medium.com/accelerating-zero-knowledge-proofs-cfc806de611b
https://figmentcapital.medium.com/,https://figmentcapital.medium.com/sui-testnet-wave-2-report-ed88a50d9ced
https://figmentcapital.medium.com/,https://figmentcapital.medium.com/sui-testnet-wave-1-report-c42cd1ca2fd5
https://figmentcapital.medium.com/,https://medium.com/tag/suisui-----------------
https://figmentcapital.medium.com/,https://figmentcapital.medium.com/figment-capital-is-venture-2-0-4b1964c532a4
https://figmentcapital.medium.com/,https://figmentcapital.medium.com/decentralization-reigns-supreme-a670840b2a10
https://figmentcapital.medium.com/,https://medium.com/tag/ftxftx-----------------
https://figmentcapital.medium.com/,https://figmentcapital.medium.com/investing-in-celestia-373eeeba26e8
https://figmentcapital.medium.com/,https://figmentcapital.medium.com/investing-in-mysten-labs-4c37905d1965
https://fenbushicapital.medium.com/,https://fenbushicapital.medium.com/ending-lps-losing-game-exploring-the-loss-versus-rebalancing-lvr-problem-and-its-solutions-38099d700f9b
https://fenbushicapital.medium.com/,https://fenbushicapital.medium.com/analyzing-missed-slot-through-the-lens-of-relays-a-potential-path-for-relay-incentivization-33b0b724a812
https://fenbushicapital.medium.com/,https://fenbushicapital.medium.com/the-pursuit-of-relay-incentivization-0d0e521d7108
https://fenbushicapital.medium.com/,https://fenbushicapital.medium.com/the-world-of-trust-minimized-middleware-consensus-verification-bridging-8686def14a91
https://fenbushicapital.medium.com/,https://fenbushicapital.medium.com/an-overview-of-nft-financialization-c7bcc4181f35
https://fenbushicapital.medium.com/,https://fenbushicapital.medium.com/is-compliance-a-double-edged-sword-for-crypto-companies-d1f1387c9677
https://fenbushicapital.medium.com/,https://fenbushicapital.medium.com/the-issue-of-authentic-ownership-in-the-web3-world-3c293a589427
https://fenbushicapital.medium.com/,https://fenbushicapital.medium.com/the-overview-of-astar-network-bdc1b65f9f1e
https://fenbushicapital.medium.com/,https://fenbushicapital.medium.com/canza-finance-about-crypto-ecosystem-in-africa-and-its-future-development-a4254d1cc0e8
https://fenbushicapital.medium.com/,https://fenbushicapital.medium.com/mxc-foundation-what-blockchain-and-iot-technologies-contribute-to-smart-cities-5aa410f42443
https://fenbushicapital.medium.com/,https://fenbushicapital.medium.com/current-application-scenarios-and-use-cases-of-web3-identity-system-411f214b4f63
https://fenbushicapital.medium.com/,https://fenbushicapital.medium.com/stratos-build-convenience-store-network-for-decentralized-storage-f64361dd2eaa
https://fenbushicapital.medium.com/,https://fenbushicapital.medium.com/mathchain-build-the-blockchain-infrastructure-for-mass-adoption-eb96fac85f02
https://fenbushicapital.medium.com/,https://fenbushicapital.medium.com/fenbushi-interview-with-dominic-the-great-vision-of-dfinitys-internet-computer-c9cd0f085d44
https://fenbushicapital.medium.com/,https://fenbushicapital.medium.com/fenbushi-capital-and-entrepreneurship-how-wootrade-was-born-in-a-bear-market-66d728c25fe4
https://medium.com/@titania-research/,https://medium.com/@titania-research/@titania-research
https://medium.com/@umbrellaresearch/,https://medium.com/@umbrellaresearch/@umbrellaresearch
https://composablefi.medium.com/,https://composablefi.medium.com/composables-polkadot-parachain-lease-layr-token-update-cea3813d82b0
https://composablefi.medium.com/,https://composablefi.medium.com/liquid-staked-dot-is-live-on-composable-bbb95418b3c9
https://composablefi.medium.com/,https://composablefi.medium.com/composable-picassos-year-in-review-launching-pica-ibc-outside-of-cosmos-9e30f4d1d50e
https://composablefi.medium.com/,https://composablefi.medium.com/the-role-of-composables-restaking-layer-in-picasso-s-ibc-solana-connection-daa8bf5cdb29
https://composablefi.medium.com/,https://composablefi.medium.com/introducing-the-composable-expedition-18673409047c
https://composablefi.medium.com/,https://medium.com/tag/composable-financecomposable_finance-----------------
https://composablefi.medium.com/,https://composablefi.medium.com/welcoming-henry-love-as-board-member-and-executive-director-of-the-composable-foundation-7c75fae29448
https://composablefi.medium.com/,https://composablefi.medium.com/research-explored-the-composable-virtual-machine-seamless-cross-chain-transactions-e05e74105608
https://composablefi.medium.com/,https://composablefi.medium.com/welcoming-cryptocito-as-an-advisor-to-composable-aca352d29a14
https://composablefi.medium.com/,https://composablefi.medium.com/exploring-collaborative-use-cases-across-ethereum-cosmos-and-polkadot-frax-9dd815e625d1
https://composablefi.medium.com/,https://composablefi.medium.com/the-composable-research-forum-our-epicenter-for-open-innovation-and-execution-2a6aba0c4306
https://composablefi.medium.com/,https://composablefi.medium.com/introducing-the-composable-foundation-7022f6d09719
https://composablefi.medium.com/,https://composablefi.medium.com/security-disclosure-and-retrospective-analysis-510c17c6618e
https://composablefi.medium.com/,https://composablefi.medium.com/composable-is-extending-the-inter-blockchain-communication-ibc-protocol-to-ethereum-e5cc765af57e
https://composablefi.medium.com/,https://composablefi.medium.com/composable-picassos-monthly-update-july-2023-d7102327a118
https://composablefi.medium.com/,https://blog.cosmos.network/
https://composablefi.medium.com/,https://composablefi.medium.com/how-composable-finance-overcame-technical-barriers-to-architect-a-trust-minimized-cosmodot-cde782fda8c4
https://composablefi.medium.com/,https://medium.com/tag/interchaininterchain-----------------
https://composablefi.medium.com/,https://composablefi.medium.com/composables-monthly-update-june-2023-6b1f9d0ac111
https://composablefi.medium.com/,https://medium.com/tag/cryptocurrencycryptocurrency-----------------
https://composablefi.medium.com/,https://composablefi.medium.com/centauri-the-first-ibc-cosmodot-connection-cb3b8d852038
https://composablefi.medium.com/,https://medium.com/tag/cosmos-networkcosmos_network-----------------
https://composablefi.medium.com/,https://composablefi.medium.com/composable-x-osmosis-the-first-instance-of-cross-ecosystem-ibc-8be5a8afb0a6
https://composablefi.medium.com/,https://composablefi.medium.com/a-composable-solution-to-risks-and-delays-in-unstaking-cryptocurrency-in-proof-of-stake-blockchains-3b9d50b612e8
https://composablefi.medium.com/,https://medium.com/tag/liquid-stakingliquid_staking-----------------
https://composablefi.medium.com/,https://composablefi.medium.com/composables-monthly-update-may-2023-3c33068e7a07
https://composablefi.medium.com/,https://medium.com/tag/polkadotpolkadot-----------------
https://medium.com/@auralshin/,https://medium.com/@auralshin/@auralshin
https://medium.com/@Prestwich/,https://medium.com/@Prestwich/@Prestwich
https://medium.com/@Prestwich/,https://medium.com/summa-technology
https://medium.com/@Prestwich/,https://medium.com/@Prestwich/summa-technology/the-bitcoin-non-standard-6103330af98c
https://medium.com/@Prestwich/,https://medium.com/hackernoon
https://medium.com/@Prestwich/,https://medium.com/@Prestwich/hackernoon/what-to-expect-when-eths-expecting-80cb4951afcd
https://medium.com/@Prestwich/,https://medium.com/@Prestwich/summa-technology/summa-auction-bitcoin-technical-7344096498f2
https://medium.com/@Prestwich/,https://medium.com/@Prestwich/summa-technology/cross-chain-auction-technical-f16710bfe69f
https://medium.com/@Prestwich/,https://medium.com/@Prestwich/summa-technology/declarative-smart-contracts-4edaf7ec2e30
https://medium.com/@Prestwich/,https://medium.com/@Prestwich/summa-technology/introducing-riemann-7c1c3cb4a52
https://medium.com/@Prestwich/,https://medium.com/@Prestwich/summa-technology/bitcoins-time-locks-27e0c362d7a1
https://medium.com/@Prestwich/,https://medium.com/keepnetwork
https://medium.com/@Prestwich/,https://medium.com/@Prestwich/keepnetwork/miners-arent-your-friends-cde9b6e0e9ac
https://medium.com/@Prestwich/,https://medium.com/@Prestwich/summa-technology/on-chain-bitcoin-fork-futures-f4b8f442eede
https://medium.com/@espressosys/,https://medium.com/@espressosys/@espressosys
https://simbro.medium.com/,https://simbro.medium.com/the-reputation-value-chain-d949ce9fb623
https://simbro.medium.com/,https://medium.com/tag/identityidentity-----------------
https://simbro.medium.com/,https://simbro.medium.com/mutating-mempools-and-programmable-transactions-f96455f6cc63
https://simbro.medium.com/,https://medium.com/tag/blockchainblockchain-----------------
https://simbro.medium.com/,https://simbro.medium.com/towards-a-socio-ecological-view-of-decentralized-identity-a368b52ea1b3
https://simbro.medium.com/,https://simbro.medium.com/mev-driven-centralization-in-ethereum-part-2-97e4cb612e69
https://simbro.medium.com/,https://medium.com/tag/mevmev-----------------
https://simbro.medium.com/,https://simbro.medium.com/lowdown-on-appchain-networks-b6317bc8b9cf
https://simbro.medium.com/,https://simbro.medium.com/mev-driven-centralization-in-ethereum-ec829a214f18
https://simbro.medium.com/,https://medium.com/tag/ethereumethereum-----------------
https://simbro.medium.com/,https://medium.com/fcats-blockchain-incubator
https://simbro.medium.com/,https://simbro.medium.com/how-zk-rollups-work-8ac4d7155b0e
https://simbro.medium.com/,https://simbro.medium.com/implementing-digital-signatures-in-rust-1a42c64c10a
https://atise.medium.com/,https://atise.medium.com/uniswap-history-eli5-tale-of-the-forest-villages-a348e2e6e195
https://atise.medium.com/,https://medium.com/tag/uniswapuniswap-----------------
https://atise.medium.com/,https://atise.medium.com/protocol-fee-sharing-and-the-future-of-uniswap-9c636afeef28
https://atise.medium.com/,https://atise.medium.com/leveraging-and-borrowing-strategies-for-uniswap-lps-using-yldr-8fe349e7a965
https://atise.medium.com/,https://atise.medium.com/uniswap-v2-still-a-good-deal-for-liquidity-providers-a-retrospective-of-2023-11475e9d8610
https://atise.medium.com/,https://atise.medium.com/dynamic-fees-for-automated-market-makers-liquidity-volatility-and-collected-fees-db211da18d0d
https://atise.medium.com/,https://atise.medium.com/liquidity-provider-strategies-for-uniswap-liquidity-rebalancing-f4430eec63a0
https://atise.medium.com/,https://atise.medium.com/liquidity-provider-strategies-for-uniswap-v3-options-ce6748c5b1b4
https://atise.medium.com/,https://atise.medium.com/liquidity-provider-strategies-for-uniswap-v3-power-perpetuals-9267ac0c1c8
https://atise.medium.com/,https://atise.medium.com/liquidity-provider-strategies-for-uniswap-v3-loss-versus-rebalancing-lvr-ee0ffdf1f937
https://atise.medium.com/,https://atise.medium.com/liquidity-provider-strategies-for-uniswap-v3-dynamic-hedging-9e6858bea8fa
https://atise.medium.com/,https://atise.medium.com/liquidity-provider-strategies-for-uniswap-v3-table-of-contents-64725c6c0b10
https://atise.medium.com/,https://atise.medium.com/liquidity-provider-strategies-for-uniswap-v3-an-introduction-42970cf9df4
https://atise.medium.com/,https://medium.com/tag/uniswap-v3uniswap_v3-----------------
https://atise.medium.com/,https://atise.medium.com/conceptualizing-uniswap-v3-lp-profit-and-loss-ecbae6e09644
https://atise.medium.com/,https://medium.com/tag/cryptocurrencycryptocurrency-----------------
https://atise.medium.com/,https://atise.medium.com/uniswap-v3-liquidity-formula-explained-de8bd42afc3c
https://atise.medium.com/,https://atise.medium.com/running-tensorflow-lite-for-microcontrollers-on-contiki-ng-d938f25193f5
https://atise.medium.com/,https://medium.com/tag/tensorflowtensorflow-----------------
https://atise.medium.com/,https://atise.medium.com/experiments-with-defi-a-strategy-for-reducing-volatility-risks-e7925dc44d8a
https://atise.medium.com/,https://atise.medium.com/has-bitcoin-failed-68cb19b72b04
https://atise.medium.com/,https://medium.com/swlh
https://atise.medium.com/,https://atise.medium.com/internet-of-things-networks-and-their-security-aa8db50202aa
https://atise.medium.com/,https://medium.com/tag/iotiot-----------------
https://atise.medium.com/,https://atise.medium.com/lessons-learned-from-evaluating-iota-on-internet-of-things-devices-a44575e606de
https://atise.medium.com/,https://medium.com/tag/internet-of-thingsinternet_of_things-----------------
https://atise.medium.com/,https://atise.medium.com/five-reasons-why-cryptocurrencies-matter-afc839d9b7ea
https://atise.medium.com/,https://medium.com/tag/bitcoinbitcoin-----------------
https://pmcgoohan.medium.com/,https://pmcgoohan.medium.com/how-to-fix-mev-in-one-sentence-6e4a47ef4085
https://pmcgoohan.medium.com/,https://medium.com/tag/mevmev-----------------
https://pmcgoohan.medium.com/,https://pmcgoohan.medium.com/mev-do-this-beb2754bca63
https://pmcgoohan.medium.com/,https://medium.com/tag/ethereumethereum-----------------
https://medium.com/@danrobinson/,https://medium.com/@danrobinson/@danrobinson
https://medium.com/@danrobinson/,https://medium.com/interstellar
https://medium.com/@danrobinson/,https://medium.com/@danrobinson/interstellar/starlight-payment-channels-on-stellar-3ff833c0d0ca
https://jeancvllr.medium.com/,https://medium.com/lukso
https://jeancvllr.medium.com/,https://jeancvllr.medium.com/important-changes-to-lsp7-lsp8-token-standards-a1e2627d0b0e
https://jeancvllr.medium.com/,https://medium.com/tag/luksolukso-----------------
https://jeancvllr.medium.com/,https://jeancvllr.medium.com/solidity-all-about-events-5bbe330f2513
https://jeancvllr.medium.com/,https://medium.com/tag/soliditysolidity-----------------
https://jeancvllr.medium.com/,https://jeancvllr.medium.com/updates-on-lsp7-digital-asset-and-lsp8-identifiable-digital-asset-be4347200671
https://jeancvllr.medium.com/,https://jeancvllr.medium.com/solidity-all-about-try-catch-c59507d7d7d5
https://jeancvllr.medium.com/,https://medium.com/tag/ethereumethereum-----------------
https://jeancvllr.medium.com/,https://jeancvllr.medium.com/solidity-all-about-errors-handling-99f7f02c17d
https://jeancvllr.medium.com/,https://medium.com/tag/smart-contractssmart_contracts-----------------
https://jeancvllr.medium.com/,https://jeancvllr.medium.com/solidity-all-about-runtime-errors-57f22e8d6046
https://jeancvllr.medium.com/,https://jeancvllr.medium.com/solidity-all-about-compiler-errors-314aad20a862
https://jeancvllr.medium.com/,https://betterprogramming.pub/
https://jeancvllr.medium.com/,https://jeancvllr.medium.com/solidity-all-about-errors-cb831ad0b840
https://jeancvllr.medium.com/,https://jeancvllr.medium.com/solidity-tutorial-all-about-time-units-b392324bea32
https://jeancvllr.medium.com/,https://jeancvllr.medium.com/solidity-tutorial-all-about-ether-units-eaebe55dd4dc
https://medium.com/@virgilgr/,https://medium.com/@virgilgr/@virgilgr
https://medium.com/@hayeah/,https://medium.com/@hayeah/@hayeah
https://medium.com/@hayeah/,https://medium.com/qtum
https://medium.com/@hayeah/,https://medium.com/@hayeah/qtum/how-solidity-events-are-implemented-diving-into-the-ethereum-vm-part-6-30e07b3037b9
https://medium.com/@hayeah/,https://medium.com/@hayeah/qtum/diving-into-the-ethereum-vm-6e8d5d2f3c30
https://weka.medium.com/,https://weka.medium.com/mvp-of-ens-on-l2-with-optimism-demo-video-how-to-try-it-yourself-b44c390cbd67
https://weka.medium.com/,https://medium.com/tag/blockchainblockchain-----------------
https://weka.medium.com/,https://medium.com/swlh
https://weka.medium.com/,https://weka.medium.com/defeating-the-cobo-vault-pros-self-destruct-mechanism-abf321e2f5b5
https://weka.medium.com/,https://medium.com/tag/ethereumethereum-----------------
https://weka.medium.com/,https://weka.medium.com/a-general-purpose-bridge-for-ethereum-layer-2s-e28810ec1d88
https://weka.medium.com/,https://medium.com/tag/blockchain-layer-2blockchain_layer_2-----------------
https://weka.medium.com/,https://weka.medium.com/warning-bulletin-for-users-migrating-ens-names-owned-by-contracts-c43cee93e318
https://weka.medium.com/,https://weka.medium.com/migrating-your-ensnow-domains-to-the-new-registrar-c0085eaaeff2
https://weka.medium.com/,https://weka.medium.com/ens-is-upgrading-heres-what-you-need-to-do-f26423339fcf
https://weka.medium.com/,https://weka.medium.com/upcoming-changes-to-the-ens-root-a1b78fd52b38
https://weka.medium.com/,https://weka.medium.com/introducing-luxe-on-ens-35a9ee2383ce
https://weka.medium.com/,https://medium.com/tag/custom-domainscustom_domains-----------------
https://weka.medium.com/,https://weka.medium.com/announcing-support-for-xyz-on-ens-7f5bc7fe1b24
https://weka.medium.com/,https://weka.medium.com/ens-progress-update-mid-2018-3f311e7aea11
https://weka.medium.com/,https://weka.medium.com/renewing-or-releasing-your-ens-name-e8208445f8e1
https://weka.medium.com/,https://weka.medium.com/how-to-list-your-domain-on-ensnow-7297808f31f5
https://weka.medium.com/,https://medium.com/tag/ensens-----------------
https://weka.medium.com/,https://weka.medium.com/on-paritys-proposed-changes-to-selfdestruct-behaviour-c3f0e5bc0f49
https://weka.medium.com/,https://medium.com/hackernoon
https://weka.medium.com/,https://weka.medium.com/how-to-turn-1-digital-cat-into-150-analogue-cows-bc1ddb91845f
https://weka.medium.com/,https://weka.medium.com/why-were-giving-100-of-ether-cards-seasonal-design-profits-to-worldbuilders-287db92efcef
https://weka.medium.com/,https://medium.com/tag/science-fictionscience_fiction-----------------
https://weka.medium.com/,https://weka.medium.com/how-to-claim-your-dns-domain-on-ens-e600ef2d92ca
https://weka.medium.com/,https://weka.medium.com/blockchains-coercion-free-consensus-systems-30e78b4332ea
https://weka.medium.com/,https://weka.medium.com/why-i-find-iota-deeply-alarming-934f1908194b
https://weka.medium.com/,https://weka.medium.com/announcing-the-winners-of-the-first-underhanded-solidity-coding-contest-282563a87079
https://weka.medium.com/,https://weka.medium.com/results-of-the-first-ens-workshop-ab5e8d39fb79
https://medium.com/@VitalikButerin/,https://medium.com/infinitism
https://medium.com/@VitalikButerin/,https://medium.com/@VitalikButerin/infinitism/erc-4337-account-abstraction-without-ethereum-protocol-changes-d75c9d94dc4a
https://medium.com/@VitalikButerin/,https://medium.com/@VitalikButerin/@VitalikButerin
https://medium.com/wintermute-trading,https://medium.com/wintermute-trading/wintermute-defi-governance-digest-january-2024-week-3-4d8ccbbc3da5
https://medium.com/wintermute-trading,https://medium.com/wintermute-trading/wintermute-defi-governance-digest-january-2024-week-2-1cce72366d43
https://medium.com/wintermute-trading,https://medium.com/wintermute-trading/wintermute-defi-governance-digest-january-2024-week-1-a276a0b2d871
https://medium.com/wintermute-trading,https://medium.com/wintermute-trading/wintermute-defi-governance-digest-december-2023-week-3-67e5221c4f51
https://www.mechanism.org/,https://www.mechanism.org/spec/01
https://www.mechanism.org/,https://www.mechanism.org/spec/02
https://www.mechanism.org/,https://www.mechanism.org/spec/03
https://www.mechanism.org/,https://www.mechanism.org/spec/04
https://frontier.tech/,https://frontier.tech/infinite-games
https://frontier.tech/,https://frontier.tech/alfred
https://frontier.tech/,https://frontier.tech/the-cake-framework
https://frontier.tech/,https://frontier.tech/measuring-reordering-slippage-in-mev
https://frontier.tech/,https://frontier.tech/ethereums-blockspace-future
https://frontier.tech/,https://frontier.tech/a-tale-of-two-arbitrages
https://frontier.tech/,https://frontier.tech/builder-dominance-and-searcher-dependence
https://frontier.tech/,https://frontier.tech/the-next-steps-in-dex-design
https://frontier.tech/,https://frontier.tech/exploration-of-mev-latencies
https://frontier.tech/,https://frontier.tech/optimistic-relays-and-where-to-find-them
https://frontier.tech/,https://frontier.tech/the-nft-mev-landscape
https://frontier.tech/,https://frontier.tech/the-orderflow-auction-design-space
https://frontier.tech/,https://frontier.tech/beyond-extraction
https://frontier.tech/,https://frontier.tech/a-new-game-in-town
https://frontier.tech/,https://frontier.tech/unpacking-erc-4337
https://frontier.tech/,https://frontier.tech/mailto:research@frontier.tech
https://frontier.tech/,https://frontier.tech/cake-working-group
https://frontier.tech/,https://frontier.tech/open-positions
https://frontier.tech/,https://twitter.com/FrontierDotTech
