title,authors,pdf_link,topics,release_date,referrer
"Market making by an FX dealer: tiers, pricing ladders and hedging rates for optimal risk control","Alexander Barzykin, Philippe Bergault, Olivier Guéant",http://arxiv.org/pdf/2112.02269v3,"arXiv, q-fin.TR, q-fin.RM",2021-12-04,https://www.twitter.com/unlock_VALue
SquirRL: Automating Attack Analysis on Blockchain Incentive Mechanisms with Deep Reinforcement Learning,"Charlie Hou, Mingxun Zhou, Yan Ji, Phil Daian, Florian Tramer, Giulia Fanti, Ari Juels",http://arxiv.org/pdf/1912.01798v2,"arXiv, cs.CR",2019-12-04,https://www.twitter.com/unlock_VALue
Adversarial blockchain queues and trading on a CFMM,Andrew W. Macpherson,http://arxiv.org/pdf/2302.01663v2,"arXiv, math.PR, cs.GT, q-fin.TR",2023-02-03,https://www.twitter.com/unlock_VALue
Contingent Fees in Order Flow Auctions,Max Resnick,http://arxiv.org/pdf/2304.04981v1,"arXiv, econ.TH, cs.GT",2023-04-11,https://www.twitter.com/unlock_VALue
Unity is Strength: A Formalization of Cross-Domain Maximal Extractable Value,"Alexandre Obadia, Alejo Salles, Lakshman Sankar, Tarun Chitra, Vaibhav Chellani, Philip Daian",http://arxiv.org/pdf/2112.01472v2,"arXiv, cs.CR",2021-12-02,https://www.twitter.com/unlock_VALue
Compositional game theory,"Neil Ghani, Jules Hedges, Viktor Winschel, Philipp Zahn",http://arxiv.org/pdf/1603.04641v3,"arXiv, cs.GT",2016-03-15,https://www.twitter.com/unlock_VALue
Clockwork Finance: Automated Analysis of Economic Security in Smart Contracts,"Kushal Babel, Philip Daian, Mahimna Kelkar, Ari Juels",http://arxiv.org/pdf/2109.04347v2,"arXiv, cs.CR, F.3.1; D.2.4; I.1.4",2021-09-09,https://www.twitter.com/unlock_VALue
The centralizing effects of private order flow on proposer-builder separation,"Tivas Gupta, Mallesh M Pai, Max Resnick",http://arxiv.org/pdf/2305.19150v1,"arXiv, econ.TH",2023-05-30,https://www.twitter.com/unlock_VALue
What Can Cryptography Do For Decentralized Mechanism Design,"Elaine Shi, Hao Chung, Ke Wu",http://arxiv.org/pdf/2209.14462v4,"arXiv, cs.GT, cs.CR",2022-09-28,https://www.twitter.com/unlock_VALue
"Towards Optimal Prior-Free Permissionless Rebate Mechanisms, with applications to Automated Market Makers & Combinatorial Orderflow Auctions","Bruno Mazorra, Nicolás Della Penna",http://arxiv.org/pdf/2306.17024v1,"arXiv, cs.GT",2023-06-29,https://www.twitter.com/unlock_VALue
Commitment games with conditional information disclosure,"Anthony DiGiovanni, Jesse Clifton",http://arxiv.org/pdf/2204.03484v4,"arXiv, cs.GT",2022-04-07,https://www.twitter.com/unlock_VALue
Decentral and Incentivized Federated Learning Frameworks: A Systematic Literature Review,"Leon Witt, Mathis Heyer, Kentaroh Toyoda, Wojciech Samek, Dan Li",http://arxiv.org/pdf/2205.07855v3,"arXiv, cs.LG, cs.AI, cs.DC",2022-05-07,https://www.twitter.com/unlock_VALue
Time is Money: Strategic Timing Games in Proof-of-Stake Protocols,"Caspar Schwarz-Schilling, Fahad Saleh, Thomas Thiery, Jennifer Pan, Nihar Shah, Barnabé Monnot",http://arxiv.org/pdf/2305.09032v1,"arXiv, cs.GT, cs.CR",2023-05-15,https://www.twitter.com/unlock_VALue
Tackling the Problem of State Dependent Execution Probability: Empirical Evidence and Order Placement,"Timothée Fabre, Vincent Ragel",http://arxiv.org/pdf/2307.04863v1,"arXiv, q-fin.TR",2023-07-10,https://www.twitter.com/unlock_VALue
"Credible, Optimal Auctions via Blockchains","Tarun Chitra, Matheus V. X. Ferreira, Kshitij Kulkarni",http://arxiv.org/pdf/2301.12532v1,"arXiv, cs.GT, cs.CR",2023-01-29,https://www.twitter.com/unlock_VALue
Foundations of Transaction Fee Mechanism Design,"Hao Chung, Elaine Shi",http://arxiv.org/pdf/2111.03151v3,"arXiv, cs.GT, econ.TH",2021-11-04,https://www.twitter.com/unlock_VALue
Optimality Despite Chaos in Fee Markets,"Stefanos Leonardos, Daniël Reijsbergen, Barnabé Monnot, Georgios Piliouras",http://arxiv.org/pdf/2212.07175v2,"arXiv, cs.GT, cs.CR, 91A80, 91-10, 91B26",2022-12-14,https://www.twitter.com/unlock_VALue
Transaction Fee Mechanism Design,Tim Roughgarden,http://arxiv.org/pdf/2106.01340v2,"arXiv, cs.CR, cs.DC, cs.DS, cs.GT, econ.TH",2021-06-02,https://www.twitter.com/unlock_VALue
Transaction Fee Mechanism Design for the Ethereum Blockchain: An Economic Analysis of EIP-1559,Tim Roughgarden,http://arxiv.org/pdf/2012.00854v1,"arXiv, cs.GT, cs.DC, cs.DS, econ.TH",2020-12-01,https://www.twitter.com/unlock_VALue
Transaction Fee Mechanism Design with Active Block Producers,"Maryam Bahrani, Pranav Garimidi, Tim Roughgarden",http://arxiv.org/pdf/2307.01686v1,"arXiv, cs.GT, cs.CR, cs.DC, cs.DS, econ.TH",2023-07-04,https://www.twitter.com/unlock_VALue
Dynamical Analysis of the EIP-1559 Ethereum Fee Market,"Stefanos Leonardos, Barnabé Monnot, Daniël Reijsbergen, Stratis Skoulakis, Georgios Piliouras",http://arxiv.org/pdf/2102.10567v3,"arXiv, cs.GT, cs.CR, math.DS, 91A80, 91-10, 91B26",2021-02-21,https://www.twitter.com/unlock_VALue
Side Contract Commitment Attacks on Blockchains,"Daji Landis, Nikolaj I. Schwartzbach",http://arxiv.org/pdf/2301.08523v2,"arXiv, cs.GT, cs.CR",2023-01-20,https://www.twitter.com/unlock_VALue
Open Problems in Cooperative AI,"Allan Dafoe, Edward Hughes, Yoram Bachrach, Tantum Collins, Kevin R. McKee, Joel Z. Leibo, Kate Larson, Thore Graepel",http://arxiv.org/pdf/2012.08630v1,"arXiv, cs.AI, cs.MA",2020-12-15,https://www.twitter.com/unlock_VALue
Credible Decentralized Exchange Design via Verifiable Sequencing Rules,"Matheus V. X. Ferreira, David C. Parkes",http://arxiv.org/pdf/2209.15569v2,"arXiv, cs.GT, cs.CR, econ.TH, q-fin.TR",2022-09-30,https://www.twitter.com/unlock_VALue
Differential Liquidity Provision in Uniswap v3 and Implications for Contract Design,"Zhou Fan, Francisco Marmolejo-Cossío, Ben Altschuler, He Sun, Xintong Wang, David C. Parkes",http://arxiv.org/pdf/2204.00464v2,"arXiv, cs.GT, cs.CE",2022-04-01,https://www.twitter.com/unlock_VALue
Cooperative and uncooperative institution designs: Surprises and problems in open-source game theory,"Andrew Critch, Michael Dennis, Stuart Russell",http://arxiv.org/pdf/2208.07006v1,"arXiv, cs.GT, cs.LO, cs.MA, 93A14, 93A16, 91-08, 91A11, 91A35, 91A68, 91A44, 91B06, 91B41, 91B52, F.3.1; F.4.1; I.2.3; J.4",2022-08-15,https://www.twitter.com/unlock_VALue
A Note on the Compatibility of Different Robust Program Equilibria of the Prisoner's Dilemma,Caspar Oesterheld,http://arxiv.org/pdf/2211.05057v1,"arXiv, cs.GT, 91A44",2022-11-09,https://www.twitter.com/unlock_VALue
"Constant Function Market Making, Social Welfare and Maximal Extractable Value","Bruno Mazorra, Nicolás Della Penna",http://arxiv.org/pdf/2211.07220v2,"arXiv, cs.GT, math.PR",2022-11-14,https://www.twitter.com/unlock_VALue
Optimal Private Payoff Manipulation against Commitment in Extensive-form Games,"Yurong Chen, Xiaotie Deng, Yuhao Li",http://arxiv.org/pdf/2206.13119v2,"arXiv, cs.GT, cs.AI, cs.DS, econ.TH",2022-06-27,https://www.twitter.com/unlock_VALue
Get It in Writing: Formal Contracts Mitigate Social Dilemmas in Multi-Agent RL,"Phillip J. K. Christoffersen, Andreas A. Haupt, Dylan Hadfield-Menell",http://arxiv.org/pdf/2208.10469v3,"arXiv, cs.AI, cs.GT, cs.MA, econ.TH",2022-08-22,https://www.twitter.com/unlock_VALue
Optimal Auctions through Deep Learning: Advances in Differentiable Economics,"Paul Dütting, Zhe Feng, Harikrishna Narasimhan, David C. Parkes, Sai Srivatsa Ravindranath",http://arxiv.org/pdf/1706.03459v6,"arXiv, cs.GT, cs.AI, cs.LG",2017-06-12,https://www.twitter.com/unlock_VALue
The AI Economist: Improving Equality and Productivity with AI-Driven Tax Policies,"Stephan Zheng, Alexander Trott, Sunil Srinivasa, Nikhil Naik, Melvin Gruesbeck, David C. Parkes, Richard Socher",http://arxiv.org/pdf/2004.13332v1,"arXiv, econ.GN, cs.LG, q-fin.EC, stat.ML",2020-04-28,https://www.twitter.com/unlock_VALue
Deep Learning for Two-Sided Matching,"Sai Srivatsa Ravindranath, Zhe Feng, Shira Li, Jonathan Ma, Scott D. Kominers, David C. Parkes",http://arxiv.org/pdf/2107.03427v1,"arXiv, cs.GT, cs.AI, cs.LG",2021-07-07,https://www.twitter.com/unlock_VALue
Threshold Encrypted Mempools: Limitations and Considerations,"Antoine Rondelet, Quintus Kilbourn",http://arxiv.org/pdf/2307.10878v2,"arXiv, cs.CR",2023-07-20,https://www.twitter.com/unlock_VALue
Quick Order Fairness,"Christian Cachin, Jovana Mićić, Nathalie Steinhauer, Luca Zanolini",http://arxiv.org/pdf/2112.06615v3,"arXiv, cs.DC",2021-12-13,https://www.twitter.com/unlock_VALue
Bullshark: DAG BFT Protocols Made Practical,"Alexander Spiegelman, Neil Giridharan, Alberto Sonnino, Lefteris Kokoris-Kogias",http://arxiv.org/pdf/2201.05677v3,"arXiv, cs.CR",2022-01-14,https://www.twitter.com/unlock_VALue
Improved Price Oracles: Constant Function Market Makers,"Guillermo Angeris, Tarun Chitra",http://arxiv.org/pdf/2003.10001v4,"arXiv, q-fin.TR, math.OC",2020-03-22,https://www.twitter.com/unlock_VALue
Towards a Theory of Maximal Extractable Value I: Constant Function Market Makers,"Kshitij Kulkarni, Theo Diamandis, Tarun Chitra",http://arxiv.org/pdf/2207.11835v2,"arXiv, cs.GT, cs.CR, q-fin.CP",2022-07-24,https://www.twitter.com/unlock_VALue
Dynamic Pricing for Non-fungible Resources: Designing Multidimensional Blockchain Fee Markets,"Theo Diamandis, Alex Evans, Tarun Chitra, Guillermo Angeris",http://arxiv.org/pdf/2208.07919v2,"arXiv, math.OC, cs.CR, cs.GT",2022-08-16,https://www.twitter.com/unlock_VALue
Concave Pro-rata Games,"Nicholas A. G Johnson, Theo Diamandis, Alex Evans, Henry de Valence, Guillermo Angeris",http://arxiv.org/pdf/2302.02126v1,"arXiv, cs.GT, cs.CR, cs.MA",2023-02-04,https://www.twitter.com/unlock_VALue
A Myersonian Framework for Optimal Liquidity Provision in Automated Market Makers,"Jason Milionis, Ciamac C. Moallemi, Tim Roughgarden",http://arxiv.org/pdf/2303.00208v1,"arXiv, cs.GT, econ.TH, q-fin.MF, q-fin.TR",2023-03-01,https://www.twitter.com/unlock_VALue
While Stability Lasts: A Stochastic Model of Non-Custodial Stablecoins,"Ariah Klages-Mundt, Andreea Minca",http://arxiv.org/pdf/2004.01304v3,"arXiv, q-fin.TR, cs.CR",2020-04-02,https://www.twitter.com/unlock_VALue
Automated Market Makers: Mean-Variance Analysis of LPs Payoffs and Design of Pricing Functions,"Philippe Bergault, Louis Bertucci, David Bouba, Olivier Guéant",http://arxiv.org/pdf/2212.00336v3,"arXiv, q-fin.TR",2022-12-01,https://www.twitter.com/unlock_VALue
Decentralised Finance and Automated Market Making: Execution and Speculation,"Álvaro Cartea, Fayçal Drissi, Marcello Monga",http://arxiv.org/pdf/2307.03499v1,"arXiv, q-fin.TR, q-fin.MF",2023-07-07,https://www.twitter.com/unlock_VALue
FlashSyn: Flash Loan Attack Synthesis via Counter Example Driven Approximation,"Zhiyang Chen, Sidi Mohamed Beillahi, Fan Long",http://arxiv.org/pdf/2206.10708v2,"arXiv, cs.PL, cs.SE",2022-06-21,https://www.twitter.com/unlock_VALue
Optimal Trading in Automatic Market Makers with Deep Learning,"Sebastian Jaimungal, Yuri F. Saporito, Max O. Souza, Yuri Thamsten",http://arxiv.org/pdf/2304.02180v1,"arXiv, q-fin.TR",2023-04-05,https://www.twitter.com/unlock_VALue
SoK: Decentralized Exchanges (DEX) with Automated Market Maker (AMM) Protocols,"Jiahua Xu, Krzysztof Paruch, Simon Cousaert, Yebo Feng",http://arxiv.org/pdf/2103.12732v7,"arXiv, q-fin.TR, cs.GT",2021-03-23,https://www.twitter.com/unlock_VALue
Applications of Mean Field Games in Financial Engineering and Economic Theory,Rene Carmona,http://arxiv.org/pdf/2012.05237v1,"arXiv, q-fin.GN, econ.TH, math.PR, 60, 91",2020-12-09,https://www.twitter.com/unlock_VALue
Can You hear the Shape of a Market? Geometric Arbitrage and Spectral Theory,"Simone Farinelli, Hideyuki Takada",http://arxiv.org/pdf/1509.03264v6,"arXiv, q-fin.MF, 91G10, 58J50, 53C05",2015-09-02,https://www.twitter.com/unlock_VALue
A Short Note on Setting Swap Parameters,"Nihar Shah, Lucas Baker, Suraj Srinivasan, Alex Toberoff",http://arxiv.org/pdf/2305.10624v1,"arXiv, q-fin.MF",2023-05-18,https://www.twitter.com/unlock_VALue
Automated Market Making and Loss-Versus-Rebalancing,"Jason Milionis, Ciamac C. Moallemi, Tim Roughgarden, Anthony Lee Zhang",http://arxiv.org/pdf/2208.06046v3,"arXiv, q-fin.MF, math.OC, q-fin.PM, q-fin.PR, q-fin.TR",2022-08-11,https://www.twitter.com/unlock_VALue
Quantifying Blockchain Extractable Value: How dark is the forest?,"Kaihua Qin, Liyi Zhou, Arthur Gervais",http://arxiv.org/pdf/2101.05511v5,"arXiv, cs.CR",2021-01-14,https://www.twitter.com/freddmannen
"Flash Boys 2.0: Frontrunning, Transaction Reordering, and Consensus Instability in Decentralized Exchanges","Philip Daian, Steven Goldfeder, Tyler Kell, Yunqi Li, Xueyuan Zhao, Iddo Bentov, Lorenz Breidenbach, Ari Juels",http://arxiv.org/pdf/1904.05234v1,"arXiv, cs.CR, cs.GT",2019-04-10,https://www.twitter.com/freddmannen
Frontrunner Jones and the Raiders of the Dark Forest: An Empirical Study of Frontrunning on the Ethereum Blockchain,"Christof Ferreira Torres, Ramiro Camino, Radu State",http://arxiv.org/pdf/2102.03347v2,"arXiv, cs.CR",2021-02-05,https://www.twitter.com/freddmannen
"Dynamic, Private, Anonymous, Collateralizable Commitments vs. MEV","Conor McMenamin, Vanesa Daza",http://arxiv.org/pdf/2301.12818v1,"arXiv, cs.CR",2023-01-30,https://www.twitter.com/freddmannen
Censorship Resistance in On-Chain Auctions,"Elijah Fox, Mallesh Pai, Max Resnick",http://arxiv.org/pdf/2301.13321v2,"arXiv, econ.TH, cs.GT",2023-01-30,https://www.twitter.com/freddmannen
Order but Not Execute in Order,"Tiantian Gong, Aniket Kate",http://arxiv.org/pdf/2302.01177v3,"arXiv, cs.CR, cs.GT",2023-02-02,https://www.twitter.com/freddmannen
Multi-block MEV,"Johannes Rude Jensen, Victor von Wachter, Omri Ross",http://arxiv.org/pdf/2303.04430v2,"arXiv, cs.CR, cs.DC",2023-03-08,https://www.twitter.com/freddmannen
Stackelberg Attacks on Auctions and Blockchain Transaction Fee Mechanisms,"Daji Landis, Nikolaj I. Schwartzbach",http://arxiv.org/pdf/2305.02178v1,"arXiv, cs.GT",2023-05-03,https://www.twitter.com/freddmannen
Time to Bribe: Measuring Block Construction Market,"Anton Wahrstätter, Liyi Zhou, Kaihua Qin, Davor Svetinovic, Arthur Gervais",http://arxiv.org/pdf/2305.16468v2,"arXiv, cs.NI",2023-05-25,https://www.twitter.com/freddmannen
Buying Time: Latency Racing vs. Bidding in Transaction Ordering,"Akaki Mamageishvili, Mahimna Kelkar, Jan Christoph Schlegel, Edward W. Felten",http://arxiv.org/pdf/2306.02179v2,"arXiv, cs.GT, cs.CR, econ.TH",2023-06-03,https://www.twitter.com/freddmannen
Blockchain Censorship,"Anton Wahrstätter, Jens Ernstberger, Aviv Yaish, Liyi Zhou, Kaihua Qin, Taro Tsuchiya, Sebastian Steinhorst, Davor Svetinovic, Nicolas Christin, Mikolaj Barczentewicz, Arthur Gervais",http://arxiv.org/pdf/2305.18545v2,"arXiv, cs.CR, cs.NI",2023-05-29,https://www.twitter.com/freddmannen
SoK: Cross-Domain MEV,Conor McMenamin,http://arxiv.org/pdf/2308.04159v1,"arXiv, cs.CR, cs.MA",2023-08-08,https://www.twitter.com/freddmannen
"Arbitrageurs' profits, LVR, and sandwich attacks: batch trading as an AMM design response","Andrea Canidio, Robin Fritsch",http://arxiv.org/pdf/2307.02074v2,"arXiv, cs.DC, econ.TH",2023-07-05,https://www.twitter.com/freddmannen
Attacking the DeFi Ecosystem with Flash Loans for Fun and Profit,"Kaihua Qin, Liyi Zhou, Benjamin Livshits, Arthur Gervais",http://arxiv.org/pdf/2003.03810v4,"arXiv, cs.CR, cs.DC",2020-03-08,https://www.twitter.com/freddmannen
High-Frequency Trading on Decentralized On-Chain Exchanges,"Liyi Zhou, Kaihua Qin, Christof Ferreira Torres, Duc V Le, Arthur Gervais",http://arxiv.org/pdf/2009.14021v1,"arXiv, cs.CR",2020-09-29,https://www.twitter.com/freddmannen
On the Just-In-Time Discovery of Profit-Generating Transactions in DeFi Protocols,"Liyi Zhou, Kaihua Qin, Antoine Cully, Benjamin Livshits, Arthur Gervais",http://arxiv.org/pdf/2103.02228v1,"arXiv, cs.CR",2021-03-03,https://www.twitter.com/freddmannen
Maximizing Extractable Value from Automated Market Makers,"Massimo Bartoletti, James Hsin-yu Chiang, Alberto Lluch-Lafuente",http://arxiv.org/pdf/2106.01870v4,"arXiv, cs.CR, cs.CE, cs.FL, cs.GT, 68N30, I.6.4",2021-06-02,https://www.twitter.com/freddmannen
Extracting Godl [sic] from the Salt Mines: Ethereum Miners Extracting Value,"Julien Piet, Jaiden Fairoze, Nicholas Weaver",http://arxiv.org/pdf/2203.15930v1,"arXiv, cs.CR",2022-03-29,https://www.twitter.com/freddmannen
"A2MM: Mitigating Frontrunning, Transaction Reordering and Consensus Instability in Decentralized Exchanges","Liyi Zhou, Kaihua Qin, Arthur Gervais",http://arxiv.org/pdf/2106.07371v2,"arXiv, cs.CR",2021-06-14,https://www.twitter.com/freddmannen
F3B: A Low-Overhead Blockchain Architecture with Per-Transaction Front-Running Protection,"Haoqian Zhang, Louis-Henri Merino, Ziyan Qu, Mahsa Bastankhah, Vero Estrada-Galinanes, Bryan Ford",http://arxiv.org/pdf/2205.08529v3,"arXiv, cs.CR",2022-05-17,https://www.twitter.com/freddmannen
Maximal Extractable Value (MEV) Protection on a DAG,"Dahlia Malkhi, Pawel Szalachowski",http://arxiv.org/pdf/2208.00940v4,"arXiv, cs.CR, cs.DC",2022-08-01,https://www.twitter.com/freddmannen
Price of MEV: Towards a Game Theoretical Approach to MEV,"Bruno Mazorra, Michael Reynolds, Vanesa Daza",http://arxiv.org/pdf/2208.13464v1,"arXiv, cs.GT",2022-08-29,https://www.twitter.com/freddmannen
An Empirical Study on Ethereum Private Transactions and the Security Implications,"Xingyu Lyu, Mengya Zhang, Xiaokuan Zhang, Jianyu Niu, Yinqian Zhang, Zhiqiang Lin",http://arxiv.org/pdf/2208.02858v1,"arXiv, cs.CR",2022-08-04,https://www.twitter.com/freddmannen
An Automated Market Maker Minimizing Loss-Versus-Rebalancing,"Conor McMenamin, Vanesa Daza, Bruno Mazorra",http://arxiv.org/pdf/2210.10601v2,"arXiv, cs.GT",2022-10-19,https://www.twitter.com/freddmannen
An AMM minimizing user-level extractable value and loss-versus-rebalancing,"Conor McMenamin, Vanesa Daza",http://arxiv.org/pdf/2301.13599v2,"arXiv, cs.GT",2023-01-31,https://www.twitter.com/freddmannen
Time Moves Faster When There is Nothing You Anticipate: The Role of Time in MEV Rewards,"Burak Öz, Benjamin Kraner, Nicolò Vallarano, Bingle Stegmann Kruger, Florian Matthes, Claudio Juan Tessone",http://arxiv.org/pdf/2307.05814v1,"arXiv, cs.CR, cs.GT",2023-07-11,
Finding the Right Curve: Optimal Design of Constant Function Market Makers,"Mohak Goyal, Geoffrey Ramseyer, Ashish Goel, David Mazières",http://arxiv.org/pdf/2212.03340v2,"arXiv, cs.GT",2022-12-06,
An Axiomatic Characterization of CFMMs and Equivalence to Prediction Markets,"Rafael Frongillo, Maneesha Papireddygari, Bo Waggoner",http://arxiv.org/pdf/2302.00196v2,"arXiv, cs.GT",2023-02-01,
On-Chain Auctions with Deposits,"Jan Christoph Schlegel, Akaki Mamageishvili",http://arxiv.org/pdf/2103.16681v4,"arXiv, cs.GT, econ.TH",2021-03-30,
Axioms for Constant Function Market Makers,"Jan Christoph Schlegel, Mateusz Kwaśnicki, Akaki Mamageishvili",http://arxiv.org/pdf/2210.00048v4,"arXiv, cs.GT, econ.TH",2022-09-30,
Augmenting Batch Exchanges with Constant Function Market Makers,"Geoffrey Ramseyer, Mohak Goyal, Ashish Goel, David Mazières",http://arxiv.org/pdf/2210.04929v5,"arXiv, cs.GT",2022-10-10,https://www.twitter.com/freddmannen
When Bidders Are DAOs,"Maryam Bahrani, Pranav Garimidi, Tim Roughgarden",http://arxiv.org/pdf/2306.17099v1,"arXiv, cs.GT",2023-06-29,https://www.twitter.com/unlock_VALue
The Cost of Misspecifying Price Impact,"Natascha Hey, Jean-Philippe Bouchaud, Iacopo Mastromatteo, Johannes Muhle-Karbe, Kevin Webster",http://arxiv.org/pdf/2306.00599v1,"arXiv, q-fin.TR",2023-06-01,https://www.twitter.com/unlock_VALue
The Pricing And Hedging Of Constant Function Market Makers,"Richard Dewey, Craig Newbold",http://arxiv.org/pdf/2306.11580v1,"arXiv, cs.CR, q-fin.PR",2023-06-20,https://www.twitter.com/unlock_VALue
Effective and simple VWAP option pricing model,"Alexander Buryak, Ivan Guo",http://arxiv.org/pdf/1407.7315v1,"arXiv, q-fin.PR",2014-07-28,https://www.twitter.com/unlock_VALue
FLAIR: A Metric for Liquidity Provider Competitiveness in Automated Market Makers,"Jason Milionis, Xin Wan, Austin Adams",http://arxiv.org/pdf/2306.09421v1,"arXiv, q-fin.PM, cs.CE, math.OC, q-fin.MF",2023-06-15,https://www.twitter.com/unlock_VALue
Analyzing Geospatial Distribution in Blockchains,"Shashank Motepalli, Hans-Arno Jacobsen",http://arxiv.org/pdf/2305.17771v1,"arXiv, cs.DC, cs.CY",2023-05-28,https://www.twitter.com/unlock_VALue
Complexity-Approximation Trade-offs in Exchange Mechanisms: AMMs vs. LOBs,"Jason Milionis, Ciamac C. Moallemi, Tim Roughgarden",http://arxiv.org/pdf/2302.11652v3,"arXiv, math.FA, cs.GT, math.OC, q-fin.PM, q-fin.TR",2023-02-22,https://www.twitter.com/unlock_VALue
Undetectable Selfish Mining,"Maryam Bahrani, S. Matthew Weinberg",http://arxiv.org/pdf/2309.06847v1,"arXiv, cs.GT, cs.CR, cs.DC, cs.DS",2023-09-13,https://www.twitter.com/unlock_VALue
Approximately Optimal Mechanism Design,"Tim Roughgarden, Inbal Talgam-Cohen",http://arxiv.org/pdf/1812.11896v2,"arXiv, econ.TH, cs.DS, cs.GT",2018-12-31,https://www.twitter.com/unlock_VALue
Phantom Liquidity and High Frequency Quoting,"Jesse Blocher, Ricky Cooper, Jonathan Seddon, Ben Van Vliet",https://papers.ssrn.com/sol3/papers.cfm?abstract_id=2776745,SSRN,2019-05-21,https://www.twitter.com/unlock_VALue
Block-Crossing Networks and the Value of Natural Liquidity,"Vladimir Markov, Tito Ingargiola",https://papers.ssrn.com/sol3/papers.cfm?abstract_id=2337094,SSRN,2019-05-21,https://www.twitter.com/unlock_VALue
"The Microstructure of the ‘Flash Crash’: Flow Toxicity, Liquidity Crashes and the Probability of Informed Trading","David Easley, Marcos Lopez de Prado, Maureen O'Hara",https://papers.ssrn.com/sol3/papers.cfm?abstract_id=1695041,SSRN,2019-05-30,https://www.twitter.com/unlock_VALue
Predictable Losses of Liquidity Provision in Constant Function Markets and Concentrated Liquidity Markets,"Álvaro Cartea, Fayçal Drissi, Marcello Monga",https://papers.ssrn.com/sol3/papers.cfm?abstract_id=4541034,SSRN,2023-08-29,https://www.twitter.com/unlock_VALue
Bribes to Miners: Evidence from Ethereum,Xiaotong Sun,https://papers.ssrn.com/sol3/papers.cfm?abstract_id=3940678,SSRN,2022-06-06,https://www.twitter.com/freddmannen
Blockchain Transaction Ordering as Market Manipulation,"Mikolaj Barczentewicz, Alex F. Sarch, Natasha Vasan",https://papers.ssrn.com/sol3/papers.cfm?abstract_id=4187752,SSRN,2023-03-01,https://www.twitter.com/freddmannen
Tail Protection for Long Investors: Trend Convexity at Work,"Tung-Lam Dao, Trung-Tu Nguyen, Cyril Deremble, Yves Lemperiere, Jean-Philippe  Bouchaud , Marc Potters",https://papers.ssrn.com/sol3/papers.cfm?abstract_id=2777657,SSRN,2016-07-07,https://www.twitter.com/unlock_VALue
The Volume Clock: Insights into the High Frequency Paradigm,"David Easley, Marcos Lopez de Prado, Maureen O'Hara",https://papers.ssrn.com/sol3/papers.cfm?abstract_id=2034858,SSRN,2019-05-30,https://www.twitter.com/unlock_VALue
Automated Market Makers Designs Beyond Constant Functions,"Álvaro Cartea, Fayçal Drissi, Leandro Sánchez-Betancourt, David Siska, Lukasz Szpruch",https://papers.ssrn.com/sol3/papers.cfm?abstract_id=4459177,SSRN,2023-08-16,https://www.twitter.com/unlock_VALue
Battle of the Crypto Bots: Automated Transaction Copying in Decentralized Finance,"Mikolaj Barczentewicz, Alex F. Sarch, Natasha Vasan",https://papers.ssrn.com/sol3/papers.cfm?abstract_id=4411448,SSRN,2023-04-25,https://www.twitter.com/freddmannen
"Themis: Fast, Strong Order-Fairness in Byzantine Consensus","Mahimna Kelkar, Soubhik Deb, Sishan Long, Ari Juels, Sreeram Kannan",https://eprint.iacr.org/2021/1465,iacr,2022-11-29,https://www.twitter.com/freddmannen
Frontrunning on Automated Decentralized Exchange in Proof Of Stake Environment,Andrey Sobol,https://eprint.iacr.org/2020/1206,iacr,2020-10-06,https://www.twitter.com/freddmannen
"Estimating (Miner) Extractable Value is Hard, Let’s Go Shopping!","Aljosha Judmayer, Nicholas Stifter, Philipp Schindler, Edgar Weippl",https://eprint.iacr.org/2021/1231,iacr,2022-04-26,https://www.twitter.com/freddmannen
TWAP Oracle Attacks: Easier Done than Said?,"Torgin Mackinga, Tejaswi Nadahalli, Roger Wattenhofer",https://eprint.iacr.org/2022/445,iacr,2022-04-12,https://www.twitter.com/freddmannen
Lanturn: Measuring Economic Security of Smart Contracts Through Adaptive Learning,"Kushal Babel, Mojan Javaheripi, Yan Ji, Mahimna Kelkar, Farinaz Koushanfar, Ari Juels",https://eprint.iacr.org/2023/1338,iacr,2023-09-08,https://www.twitter.com/unlock_VALue
Speculative Denial-of-Service Attacks in Ethereum,"Aviv Yaish, Kaihua Qin, Liyi Zhou, Aviv Zohar, Arthur Gervais",https://eprint.iacr.org/2023/956,iacr,2023-06-19,https://www.twitter.com/unlock_VALue
SoK: Mitigation of Front-running in Decentralized Finance,"Carsten Baum, James Hsin-yu Chiang, Bernardo David, Tore Kasper Frederiksen, Lorenzo Gentile",https://eprint.iacr.org/2021/1628,iacr,2022-07-19,https://www.twitter.com/freddmannen
Suboptimality in DeFi,"Aviv Yaish, Maya Dotan, Kaihua Qin, Aviv Zohar, Arthur Gervais",https://eprint.iacr.org/2023/892,iacr,2023-06-12,https://www.twitter.com/unlock_VALue
FairTraDEX: A Decentralised Exchange Preventing Value Extraction,"Conor McMenamin, Vanesa Daza, Matthias Fitzi, Padraic ODonoghue",https://eprint.iacr.org/2022/155,iacr,2022-08-04,https://www.twitter.com/freddmannen
FairBlock: Preventing Blockchain Front-running with Minimal Overheads,"Peyman Momeni, Sergey Gorbunov, Bohan Zhang",https://eprint.iacr.org/2022/1066,iacr,2022-08-17,https://www.twitter.com/freddmannen
LedgerHedger: Gas Reservation for Smart-Contract Security,"Itay Tsabary, Alex Manuskin, Ittay Eyal",https://eprint.iacr.org/2022/056,iacr,2022-06-02,https://www.twitter.com/unlock_VALue
Differential Privacy in Constant Function Market Makers,"Tarun Chitra, Guillermo Angeris, Alex Evans",https://eprint.iacr.org/2021/1101,iacr,2021-08-26,https://www.twitter.com/unlock_VALue
We may not cooperate with friendly machines,Michael Rovatsos,https://www.nature.com/articles/s42256-019-0117-1,Nature,2019-11-12,https://www.twitter.com/unlock_VALue
Cooperative AI: machines must learn to find common ground,"Allan Dafoe, Yoram Bachrach, Gillian Hadfield, Eric Horvitz, Kate Larson , Thore Graepel",https://www.nature.com/articles/d41586-021-01170-0,Nature,2021-05-04,https://www.twitter.com/unlock_VALue
Latency arbitrage in fragmented markets: A strategic agent-based analysis,"Elaine Wah, Michael P. Wellman",https://www.researchgate.net/publication/309621364_Latency_arbitrage_in_fragmented_markets_A_strategic_agent-based_analysis,ResearchGate,2016-10-01,https://www.twitter.com/unlock_VALue
Empirical Mechanism Design for Optimizing Clearing Interval in Frequent Call Markets,"Erik Brinkman, Michael P. Wellman",https://www.researchgate.net/publication/317704926_Empirical_Mechanism_Design_for_Optimizing_Clearing_Interval_in_Frequent_Call_Markets,ResearchGate,2017-06-01,https://www.twitter.com/unlock_VALue
A Theory of Auditability for Allocation and Social Choice Mechanisms,Markus Möller,https://dl.acm.org/doi/10.1145/3580507.3597708,DL-ACM,2023-07-07,https://www.twitter.com/unlock_VALue
Practical Witness-Key-Agreement for Blockchain-Based Dark Pools Financial Trading,"Fabio Massacci, Florian Kerschbaum",https://dl.acm.org/doi/10.1007/978-3-662-64331-0_30,DL-ACM,2021-03-01,https://www.twitter.com/unlock_VALue
A folk theorem for Bayesian games with commitment,Françoise Forges,https://www.sciencedirect.com/science/article/abs/pii/S0899825612001868,ScienceDirect,2013-03-01,https://www.twitter.com/unlock_VALue
Commitment games,Ludovic Renou,https://www.sciencedirect.com/science/article/abs/pii/S0899825608001103,ScienceDirect,2009-05-01,https://www.twitter.com/unlock_VALue
Program equilibrium,Moshe Tennenholtz,https://www.sciencedirect.com/science/article/abs/pii/S0899825604000314,ScienceDirect,2004-11-01,https://www.twitter.com/unlock_VALue
Strategic Market Choice: Frequent Call Markets vs. Continuous Double Auctions for Fast and Slow Traders,"Elaine Wah, Dylan Hurd, Michael Wellman",https://www.researchgate.net/publication/299954803_Strategic_Market_Choice_Frequent_Call_Markets_vs_Continuous_Double_Auctions_for_Fast_and_Slow_Traders,ResearchGate,2015-01-01,https://www.twitter.com/unlock_VALue
The High-Frequency Trading Arms Race: Frequent Batch Auctions as a Market Design Response,"Eric B. Budish, Peter Cramton, John J. Shim",https://www.researchgate.net/publication/272241386_The_High-Frequency_Trading_Arms_Race_Frequent_Batch_Auctions_as_a_Market_Design_Response,ResearchGate,2013-01-01,https://www.twitter.com/unlock_VALue
Towards a Theory of Maximal Extractable Value I: Constant Function Market Makers,"Kshitij Kulkarni, Theo Diamandis, Tarun Chitra",https://people.eecs.berkeley.edu/~ksk/files/MEV_CFMM.pdf,Self-host,2022-07-18,https://www.twitter.com/freddmannen
Improving Proof of Stake Economic Security via MEV Redistribution,"Tarun Chitra, Kshitij Kulkarni",https://people.eecs.berkeley.edu/~ksk/files/MEV_Redistribution.pdf,Self-host,2022-08-18,https://www.twitter.com/freddmannen
Analyzing and Preventing Sandwich Attacks in Ethereum,Patrick Zust,https://pub.tik.ee.ethz.ch/students/2021-FS/BA-2021-07.pdf,Self-host,2021-08-02,https://www.twitter.com/freddmannen
The Value of Nontoxic Orderflow to the Uniswap Protocol,Max Holloway,https://xenophonlabs.com/papers/uniswap_valuing_orderflow.pdf,Self-host,2023-01-30,https://www.twitter.com/freddmannen
The Specter (and Spectra) of Miner Extractable Value,"Guillermo Angeris, Tarun Chitra, Theo Diamandis, Kshitij Kulkarni",https://angeris.github.io/papers/mev-symmetric.pdf,Self-host,2023-08-25,https://www.twitter.com/freddmannen
Automated Market Making and Arbitrage Profits in the Presence of Fees,"Jason Milionis, Ciamac C. Moallemi, Tim Roughgarden",https://moallemi.com/ciamac/papers/lvr-fee-model-2023.pdf,Self-host,2023-05-25,https://www.twitter.com/freddmannen
Combinatorial Information Market Design,Robin Hanson,https://healy.econ.ohio-state.edu/pubfiles/infomkts/litreview/Hanson%20-%20Combinatorial%20Information%20Market%20Design%2003.pdf,Self-host,2003-01-01,
OR Forum—The Cost of Latency in High-Frequency Trading,"Ciamac C. Moallemi, Mehmet Saglam",https://business.columbia.edu/sites/default/files-efs/pubfiles/25476/Moallemi_latency.pdf,Self-host,2017-08-04,
Demystifying Exploitable Bugs in Smart Contracts,"Zhuo Zhang, Brian Zhang, Wen Xu, Zhiqiang Lin",https://www.cs.purdue.edu/homes/zhan3299/res/ICSE23.pdf,Self-host,2023-02-14,https://www.twitter.com/unlock_VALue
The State Of The Onchain Structured Product Market,Index Coop,https://assets.website-files.com/62e3ff7a08cb1968bf057388/64ad5793771455690c6d1835_Index%20Coop%20-%20State%20of%20Onchain%20Strutured%20Products.pdf,Self-host,2023-07-11,https://www.twitter.com/unlock_VALue
Strong Mediated Equilibrium,"Dov Monderer, Moshe Tennenholtz",https://cdn.aaai.org/AAAI/2006/AAAI06-110.pdf,Self-host,2006-05-07,https://www.twitter.com/unlock_VALue
A Commitment Folk Theorem,"Adam Tauman Kalai, Ehud Kalai, Ehud Lehrer, Dov Samet",https://www.microsoft.com/en-us/research/wp-content/uploads/2016/11/2010-A_Commitment_Folk_Theory.pdf,Self-host,2016-11-01,https://www.twitter.com/unlock_VALue
Strategyproof Computing: Systems Infrastructures for Self-Interested Parties,"Chaki Ng, David C. Parkes, Margo Seltzer",https://dash.harvard.edu/bitstream/handle/1/4101256/Ng_Strategyproof.pdf?sequence=2,Self-host,2003-06-05,https://www.twitter.com/unlock_VALue
Renegade Whitepaper,"Christopher Bender, Joseph Kraut",https://renegade.fi/whitepaper.pdf,Self-host,2023-03-09,https://www.twitter.com/unlock_VALue
UniswapX,"Hayden Adams, Noah Zinsmeister, Mark Toda, Emily Williams, Xin Wan, Matteo Leibowitz, Will Pote, Allen Lin, Eric Zhong, Zhiyuan Wang, Riley Campbell, Alex Karys, Dan Robinson",https://uniswap.org/whitepaper-uniswapx.pdf,Self-host,2023-07-17,https://www.twitter.com/unlock_VALue
Notice of Filing of Proposed Rule Change to Amend Rule 11.190(g) to Provide an Alternative Calculation for Pegged Order Types for Determining Whether a Quote Instability Condition Exists,Securities and Exchange Commission,https://www.sec.gov/rules/sro/iex/2022/34-96014.pdf,Self-host,2022-10-12,https://www.twitter.com/unlock_VALue
SEC REVISITS EQUITY MARKET STRUCTURE IN CONCEPT RELEASE AND RULE PROPOSALS,"Mark D. Perlow, C. Dirk Peterson",https://files.klgates.com/files/publication/fbbf6e55-0b54-4717-99ee-304cf539c9d2/presentation/publicationattachment/ff309f7b-329d-400d-978e-2032c9e2a559/perlow_peterson_rscr_final.pdf,Self-host,2019-06-20,https://www.twitter.com/unlock_VALue
Comment Letter: Concept Release on Equity Market Structure File No. S7-02-10,"Parastu Malik, Daniel Margolskee",https://www.sec.gov/comments/s7-02-10/s70210-128.pdf,Self-host,2010-04-21,https://www.twitter.com/unlock_VALue
Comment Letter: Re: Concept Release on Equity Market Structure (File No. S7-02-10),Karrie McMillan,https://www.sec.gov/comments/s7-02-10/s70210-138.pdf,Self-host,2010-04-22,https://www.twitter.com/unlock_VALue
Concept Release on Equity Market Structure: Release No. 34-61358; File No. S7-02-10,Ann Vlcek,https://www.sifma.org/wp-content/uploads/2017/05/sifma-submits-comments-to-the-sec-regarding-concept-release-on-equity-market-structure.pdf,Self-host,2010-04-29,https://www.twitter.com/unlock_VALue
Equity Market Structure Literature Review Part I: Market Fragmentation,Staff of the Division of Trading and Markets U.S. Securities and Exchange Commission,https://www.sec.gov/marketstructure/research/fragmentation-lit-review-100713.pdf,Self-host,2013-10-07,https://www.twitter.com/unlock_VALue
Electronic trading and market structure,Albert J. Menkveld,https://assets.publishing.service.gov.uk/government/uploads/system/uploads/attachment_data/file/289025/11-1234-dr16-electronic-trading-and-market-structure.pdf,Self-host,2011-09-07,https://www.twitter.com/unlock_VALue
When does the tail wag the dog? Curvature and market making,"Guillermo Angeris, Alex Evans, Tarun Chitra",https://angeris.github.io/papers/cfmm-curvature.pdf,Self-host,2020-12-15,https://www.twitter.com/unlock_VALue
Applications of Mean Field Games  in Economic Theory,,https://www.ams.org/meetings/shortcourse/AMS_Short_Course.pdf,Self-host,2020-01-12,https://www.twitter.com/unlock_VALue
Risk Alert: Observations Related to Regulation NMS Rule 606 Disclosures,SEC Division of Examinations,https://www.sec.gov/files/reg-nms-rule-606-disclosures-risk-alert.pdf,Self-host,2022-11-10,https://www.twitter.com/unlock_VALue
"Opening Statement of Dennis Dick, CFA -- Capital Markets Policy Council","CFA Institute Equity Market Structure Advisory Committee Meeting February 2, 2016,Dennis Dick",https://www.sec.gov/comments/265-29/26529-53.pdf,Self-host,2016-02-02,https://www.twitter.com/unlock_VALue
"LIQUIDITY IN EQUITY MARKETS Characteristics, Dynamics, and Implications for Market Quality",CFA,https://www.cfainstitute.org/-/media/documents/article/position-paper/liquidity-in-equity-markets-characteristics-dynamics-implications-for-market-quality.pdf,Self-host,2015-09-21,https://www.twitter.com/unlock_VALue
Fast and Furious Withdrawals from Optimistic Rollups,"Mahsa Moosavi, Mehdi Salehi, Daniel Goldman, Jeremy Clark",https://www.pulpspy.com/papers/2023_aft.pdf,Self-host,2023-08-18,https://www.twitter.com/erayajk
An Introduction to Market Microstructure Invariance,"Albert S. Kyle, Anna A. Obizhaeva",https://www.imperial.ac.uk/media/imperial-college/research-centres-and-groups/cfm-imperial-institute-of-quantitative-finance/events/20160511-Kyle-Obizhaeva-Invariance-SLIDES-Imperial-45.pdf,Self-host,2016-05-24,https://www.twitter.com/unlock_VALue
Incentive Schemes for Rollup Validators,"Akaki Mamageishvili, Edward W. Felten",http://arxiv.org/pdf/2308.02880v1,"arXiv, cs.GT, cs.CR",2023-08-05,https://twitter.com/Freddmannen
Multi-Party Timed Commitments,"Yael Doweck, Ittay Eyal",http://arxiv.org/pdf/2005.04883v2,"arXiv, cs.CR, cs.DC",2020-05-11,https://twitter.com/Freddmannen
MAD-HTLC: Because HTLC is Crazy-Cheap to Attack,"Itay Tsabary, Matan Yechieli, Alex Manuskin, Ittay Eyal",http://arxiv.org/pdf/2006.12031v3,"arXiv, cs.CR, cs.GT",2020-06-22,https://twitter.com/Freddmannen
Order-Fairness for Byzantine Consensus,"Mahimna Kelkar, Fan Zhang, Steven Goldfeder, Ari Juels",https://eprint.iacr.org/2020/269,iacr,2020-08-09,https://twitter.com/Freddmannen
Order-Fair Consensus in the Permissionless Setting,"Mahimna Kelkar, Soubhik Deb, Sreeram Kannan",https://eprint.iacr.org/2021/139,iacr,2021-02-10,https://twitter.com/Freddmannen
SoK: Algorithmic Incentive Manipulation Attacks on Permissionless PoW Cryptocurrencies,"Aljosha Judmayer, Nicholas Stifter, Alexei Zamyatin, Itay Tsabary, Ittay Eyal, Peter Gaži, Sarah Meiklejohn, Edgar Weippl",https://eprint.iacr.org/2020/1614,iacr,2021-03-01,https://twitter.com/Freddmannen
Tesseract: Real-Time Cryptocurrency Exchange using Trusted Hardware,"Iddo Bentov, Yan Ji, Fan Zhang, Yunqi Li, Xueyuan Zhao, Lorenz Breidenbach, Philip Daian, Ari Juels",https://eprint.iacr.org/2017/1153,iacr,2018-07-03,https://twitter.com/Freddmannen
TEX - A Securely Scalable Trustless Exchange,"Rami Khalil, Arthur Gervais, Guillaume Felley",https://eprint.iacr.org/2019/265,iacr,2019-03-06,https://twitter.com/Freddmannen
"Wendy, the Good Little Fairness Widget",Klaus Kursawe,https://eprint.iacr.org/2020/885,iacr,2020-07-16,https://twitter.com/Freddmannen
On the Instability of Bitcoin Without the Block Reward,"Miles Carlsten, Harry Kalodner, S. Matthew Weinberg, Arvind Narayanan",https://www.cs.princeton.edu/~arvindn/publications/mining_CCS.pdf,Self-host,2016-10-21,https://twitter.com/Freddmannen
SoK: Transparent Dishonesty: front-running attacks on Blockchain,"Shayan Eskandari, Seyedehmahsa Moosavi, Jeremy Clark",http://arxiv.org/pdf/1902.05164v3,"arXiv, cs.CR, cs.CY, cs.SI",2019-02-13,https://twitter.com/Freddmannen
"Time, Clocks, and the Ordering of Events in a Distributed System",Leslie Lamport,https://amturing.acm.org/p558-lamport.pdf,Self-host,1978-07-01,https://twitter.com/Freddmannen
Liquidity Math in Uniswap v3,Atis Elsts,https://papers.ssrn.com/sol3/papers.cfm?abstract_id=4575232,SSRN,2023-09-20,https://www.twitter.com/freddmannen
Optimal Dynamic Fees for Blockchain Resources,"Davide Crapis, Ciamac C. Moallemi, Shouqiao Wang",http://arxiv.org/pdf/2309.12735v1,"arXiv, cs.GT, cs.CR, cs.LG, math.OC",2023-09-22,https://twitter.com/Freddmannen
Structural Advantages for Integrated Builders in MEV-Boost,"Mallesh M. Pai, Max Resnick",https://github.com/MaxResnick/Papers/blob/main/Latency_Advantages_in_PBS%20(4).pdf,Self-host,2023-09-22,https://twitter.com/Freddmannen
EIP-4844 Economics and Rollup Strategies,"Davide Crapis, Edward W. Felten, Akaki Mamageishvili",http://arxiv.org/pdf/2310.01155v1,"arXiv, cs.GT, econ.TH",2023-10-02,https://twitter.com/Freddmannen
Measuring the Concentration of Control in Contemporary Ethereum,Simon Brown,https://eprint.iacr.org/2023/1493,iacr,2023-10-03,https://twitter.com/Freddmannen
Account Abstraction Data Report-Half Year by Sixdegree,Sixdegree,https://sixdegree.xyz/research/Half-Year-Data-Report-of-ERC4337-by-Sixdegree.pdf,Self-host,2023-09-26,https://twitter.com/Freddmannen
The Centralizing Effects of Private Order Flow on Proposer-Builder Separation,"Tivas Gupta, Mallesh M Pai, Max Resnick",http://arxiv.org/pdf/2305.19150v2,"arXiv, econ.TH",2023-05-30,https://www.twitter.com/unlock_VALue
Mempool Privacy: An Economic Perspective,"Antoine Rondelet, Quintus Kilbourn",http://arxiv.org/pdf/2307.10878v3,"arXiv, cs.CR",2023-07-20,https://www.twitter.com/unlock_VALue
Shared Sequencing and Latency Competition as a Noisy Contest,"Akaki Mamageishvili, Jan Christoph Schlegel",http://arxiv.org/pdf/2310.02390v1,"arXiv, cs.GT",2023-10-03,https://twitter.com/Freddmannen
SoK: Decentralized Sequencers for Rollups,"Shashank Motepalli, Luciano Freitas, Benjamin Livshits",http://arxiv.org/pdf/2310.03616v1,"arXiv, cs.NI, cs.DC, cs.MA, cs.SE",2023-10-05,https://twitter.com/Freddmannen
Perpetual Futures Pricing,"Damien Ackerer, Julien Hugonnier, Urban Jermann",http://arxiv.org/pdf/2310.11771v1,"arXiv, q-fin.PR, q-fin.MF",2023-10-18,https://twitter.com/unlock_VALue
QNNVerifier: A Tool for Verifying Neural Networks using SMT-Based Model Checking,"Xidan Song, Edoardo Manino, Luiz Sena, Erickson Alves, Eddie de Lima Filho, Iury Bessa, Mikel Lujan, Lucas Cordeiro",http://arxiv.org/pdf/2111.13110v1,"arXiv, cs.AI, cs.LG, cs.LO",2021-11-25,https://twitter.com/OsirisDjed
Quantifying MEV On Layer 2 Networks,"Arthur Bagourd, Luca Georges Francois",http://arxiv.org/pdf/2309.00629v1,"arXiv, q-fin.GN, cs.GT",2023-08-07,https://twitter.com/OsirisDjed
Neural Bellman-Ford Networks: A General Graph Neural Network Framework for Link Prediction,"Zhaocheng Zhu, Zuobai Zhang, Louis-Pascal Xhonneux, Jian Tang",http://arxiv.org/pdf/2106.06935v4,"arXiv, cs.LG",2021-06-13,https://twitter.com/OsirisDjed
A General Framework for Impermanent Loss in Automated Market Makers,"Neelesh Tiruviluamala, Alexander Port, Erik Lewis",http://arxiv.org/pdf/2203.11352v1,"arXiv, q-fin.TR, 91B26",2022-03-21,https://twitter.com/OsirisDjed
Combining GHOST and Casper,"Vitalik Buterin, Diego Hernandez, Thor Kamphefner, Khiem Pham, Zhi Qiao, Danny Ryan, Juhyeok Sin, Ying Wang, Yan X Zhang",http://arxiv.org/pdf/2003.03052v3,"arXiv, cs.CR, 68W15",2020-03-06,https://twitter.com/0x_emperor
A Flash(bot) in the Pan: Measuring Maximal Extractable Value in Private Pools,"Ben Weintraub, Christof Ferreira Torres, Cristina Nita-Rotaru, Radu State",http://arxiv.org/pdf/2206.04185v2,"arXiv, cs.CR",2022-06-08,https://twitter.com/0x_emperor
Opportunistic Algorithmic Double-Spending: How I learned to stop worrying and hedge the Fork,"Nicholas Stifter, Aljosha Judmayer, Philipp Schindler, Edgar Weippl",https://eprint.iacr.org/2021/1182,iacr,2022-08-03,https://twitter.com/0x_emperor
,,https://angeris.github.io/papers/cfmm-routing.pdf,Self-host,2021-12-20,https://twitter.com/OsirisDjed
,,https://angeris.github.io/papers/uniswap_analysis.pdf,Self-host,2020-12-15,https://twitter.com/OsirisDjed
,,https://angeris.github.io/papers/cfmm-chapter.pdf,Self-host,2021-07-29,https://twitter.com/OsirisDjed
,,https://angeris.github.io/papers/flashbots-mev.pdf,Self-host,2021-08-16,https://twitter.com/OsirisDjed
,,https://core.ac.uk/download/pdf/82538817.pdf,Self-host,,https://twitter.com/OsirisDjed
,,http://people.eecs.berkeley.edu/~ksk/files/MEV_Redistribution.pdf,Self-host,2022-08-18,https://twitter.com/0x_emperor
Open Problems in DAOs,"Joshua Z. Tan, Tara Merk, Sarah Hubbard, Eliza R. Oak, Joni Pirovich, Ellie Rennie, Rolf Hoefer, Michael Zargham, Jason Potts, Chris Berg, Reuben Youngblom, Primavera De Filippi, Seth Frey, Jeff Strnad, Morshed Mannan, Kelsie Nabben, Silke Noa Elrifai, Jake Hartnell, Benjamin Mako Hill, Alexia Maddox, Woojin Lim, Tobin South, Ari Juels, Dan Boneh",http://arxiv.org/pdf/2310.19201v1,"arXiv, cs.CY",2023-10-29,https://twitter.com/unlock_VALue
The Economics of Interest Rate Models in Decentralised Lending Protocols,"Samuel N. Cohen, Leandro Sánchez-Betancourt, Lukasz Szpruch",https://papers.ssrn.com/sol3/Delivery.cfm/SSRN_ID4638390_code3010433.pdf?abstractid=4638390&mirid=1,SSRN,2023-12-01,https://twitter.com/unlock_VALue
A General Theory of Liquidity Provisioning for Automated Market Makers,"Adithya Bhaskara, Rafael Frongillo, Maneesha Papireddygari",http://arxiv.org/pdf/2311.08725v1,"arXiv, cs.GT",2023-11-15,https://twitter.com/Freddmannen
Game Manipulators -- the Strategic Implications of Binding Contracts,"Maria Alejandra Ramirez, Yoav Kolumbus, Rosemarie Nagel, David Wolpert, Jürgen Jost",http://arxiv.org/pdf/2311.10586v2,"arXiv, cs.GT",2023-11-17,https://twitter.com/Freddmannen
"DAO Decentralization: Voting-Bloc Entropy, Bribery, and Dark DAOs","James Austgen, Andrés Fábrega, Sarah Allen, Kushal Babel, Mahimna Kelkar, Ari Juels",http://arxiv.org/pdf/2311.03530v1,"arXiv, cs.CR",2023-11-06,https://twitter.com/Freddmannen
"Battle of the Bots: Flash Loans, Miner Extractable Value and Efficient Settlement","Alfred  Lehar, Christine A. Parlour",https://papers.ssrn.com/sol3/Delivery.cfm/SSRN_ID4382292_code244292.pdf?abstractid=4382292&mirid=1,SSRN,2023-03-13,https://twitter.com/Freddmannen
Strategic Bidding Wars in On-chain Auctions,"Fei Wu, Thomas Thiery, Stefanos Leonardos, Carmine Ventre",http://arxiv.org/pdf/2312.14510v1,"arXiv, cs.GT, cs.CR",2023-12-22,https://www.twitter.com/unlock_VALue
,,https://assets-global.website-files.com/642f3d0236c604d1022330f2/652edd6a2cbf168cd6d9a520_PBS_and_OFA.pdf,Self-host,,https://www.twitter.com/unlock_VALue
,,https://assets-global.website-files.com/642f3d0236c604d1022330f2/652edd75133e70ca4c74f5ea_Latency_Advantages_in_PBS.pdf,Self-host,,https://www.twitter.com/unlock_VALue
A Simple Single Slot Finality Protocol For Ethereum,"Francesco DAmato, Luca Zanolini",https://eprint.iacr.org/2023/280,iacr,2023-08-17,https://www.twitter.com/unlock_VALue
Specular: Towards Trust-minimized Blockchain Execution Scalability with EVM-native Fraud Proofs,"Zhe Ye, Ujval Misra, Dawn Song",http://arxiv.org/pdf/2212.05219v1,"arXiv, cs.CR",2022-12-10,https://www.twitter.com/unlock_VALue
"Specular: Towards Secure, Trust-minimized Optimistic Blockchain Execution","Zhe Ye, Ujval Misra, Jiajun Cheng, Wenyang Zhou, Dawn Song",http://arxiv.org/pdf/2212.05219v2,"arXiv, cs.CR",2022-12-10,https://www.twitter.com/unlock_VALue
Moonshot: Optimizing Chain-Based Rotating Leader BFT via Optimistic Proposals,"Isaac Doidge, Raghavendra Ramesh, Nibesh Shrestha, Joshua Tobkin",http://arxiv.org/pdf/2401.01791v1,"arXiv, cs.DC, cs.NI, C.2.4",2024-01-03,https://twitter.com/unlock_VALue
Non-Atomic Arbitrage in Decentralized Finance,"Lioba Heimbach, Vabuk Pahari, Eric Schertenleib",http://arxiv.org/pdf/2401.01622v1,"arXiv, cs.CE, q-fin.GN",2024-01-03,https://www.twitter.com/unlock_VALue
A Study of MEV Extraction Techniques on a First-Come-First-Served Blockchain,"Burak Öz, Filip Rezabek, Jonas Gebele, Felix Hoops, Florian Matthes",http://arxiv.org/pdf/2308.06513v2,"arXiv, cs.CR",2023-08-12,https://www.twitter.com/unlock_VALue
Detecting Depegs: Towards Safer Passive Liquidity Provision on Curve Finance,"Thomas N. Cintra, Maxwell P. Holloway",http://arxiv.org/pdf/2306.10612v1,"arXiv, q-fin.CP",2023-06-18,https://www.twitter.com/unlock_VALue
An Axiomatic Approach to Block Rewards,"Xi Chen, Christos Papadimitriou, Tim Roughgarden",http://arxiv.org/pdf/1909.10645v1,"arXiv, cs.GT",2019-09-23,https://www.twitter.com/unlock_VALue
,,https://xenophonlabs.com/papers/dydx_v4_report.pdf,Self-host,,https://www.twitter.com/unlock_VALue
,,https://xenophonlabs.com/papers/aave_slashing_percentage.pdf,Self-host,,https://www.twitter.com/unlock_VALue
,,https://timroughgarden.org/papers/eip1559.pdf,Self-host,,https://www.twitter.com/unlock_VALue
HotStuff: BFT Consensus in the Lens of Blockchain,"Maofan Yin, Dahlia Malkhi, Michael K. Reiter, Guy Golan Gueta, Ittai Abraham",http://arxiv.org/pdf/1803.05069v6,"arXiv, cs.DC",2018-03-13,https://hackmd.io/@EspressoSystems/EspressoSequencer
SoK: MEV Countermeasures: Theory and Practice,"Sen Yang, Fan Zhang, Ken Huang, Xi Chen, Youwei Yang, Feng Zhu",http://arxiv.org/pdf/2212.05111v2,"arXiv, cs.CR",2022-12-09,https://www.twitter.com/unlock_VALue
Fraud and Data Availability Proofs: Maximising Light Client Security and Scaling Blockchains with Dishonest Majorities,"Mustafa Al-Bassam, Alberto Sonnino, Vitalik Buterin",http://arxiv.org/pdf/1809.09044v5,"arXiv, cs.CR",2018-09-24,https://www.youtube.com/watch?v=YoWMLoeQGeI
"Empirical Analysis of EIP-1559: Transaction Fees, Waiting Time, and Consensus Security","Yulin Liu, Yuxuan Lu, Kartik Nayak, Fan Zhang, Luyao Zhang, Yinhong Zhao",http://arxiv.org/pdf/2201.05574v4,"arXiv, econ.GN, cs.CR, cs.DC, cs.GT, q-fin.EC",2022-01-14,https://barnabe.substack.com/p/understanding-rollup-economics-from
Bicorn: An optimistically efficient distributed randomness beacon,"Kevin Choi, Arasu Arun, Nirvan Tyagi, Joseph Bonneau",https://eprint.iacr.org/2023/221,iacr,2023-02-20,https://hackmd.io/@EspressoSystems/EspressoSequencer
Verifiable Delay Functions,"Dan Boneh, Joseph Bonneau, Benedikt Bünz, Ben Fisch",https://eprint.iacr.org/2018/601,iacr,2019-06-26,https://hackmd.io/@EspressoSystems/EspressoSequencer
The Sleepy Model of Consensus,"Rafael Pass, Elaine Shi",https://eprint.iacr.org/2016/918,iacr,2017-05-11,https://hackmd.io/@EspressoSystems/EspressoSequencer
Experimenting with Collaborative zk-SNARKs: Zero-Knowledge Proofs for Distributed Secrets,"Alex Ozdemir, Dan Boneh",https://eprint.iacr.org/2021/1530,iacr,2022-07-16,https://www.twitter.com/unlock_VALue
SoK: Validating Bridges as a Scaling Solution for Blockchains,"Patrick McCorry, Chris Buckland, Bennet Yee, Dawn Song",https://eprint.iacr.org/2021/1589,iacr,2021-12-06,https://barnabe.substack.com/p/understanding-rollup-economics-from
,,https://core.ac.uk/download/pdf/83233824.pdf,Self-host,,https://hackmd.io/@EspressoSystems/EspressoSequencer
,,https://public.bnbstatic.com/static/files/research/exploring-tokenomics-models-and-developments.pdf,Self-host,,https://www.twitter.com/unlock_VALue
,,https://research.binance.com/static/pdf/Tokenomics_Deep_Dive_Stefan_Piech_Shivam_Sharma.pdf,Self-host,,https://www.twitter.com/unlock_VALue
A Simple Theory of Vampire Attacks,"John William Hatfield, Scott Duke Kominers",https://papers.ssrn.com/sol3/Delivery.cfm/SSRN_ID4533858_code948710.pdf?abstractid=4377561&mirid=1,SSRN,2023-08-08,https://www.twitter.com/unlock_VALue
Redistributive Allocation Mechanisms,"Mohammad Akbarpour, Piotr Dworczak, Scott Duke Kominers",https://papers.ssrn.com/sol3/Delivery.cfm/SSRN_ID4488613_code948710.pdf?abstractid=3609182&mirid=1,SSRN,2023-06-23,https://www.twitter.com/unlock_VALue
Decentralised Finance and Automated Market Making: Predictable Loss and Optimal Liquidity Provision,"Álvaro Cartea, Fayçal Drissi, Marcello Monga",https://papers.ssrn.com/sol3/Delivery.cfm/SSRN_ID4573021_code2220667.pdf?abstractid=4273989&mirid=1,SSRN,2023-10-28,https://www.twitter.com/unlock_VALue
Permissionless Consensus,"Andrew Lewis-Pye, Tim Roughgarden",http://arxiv.org/pdf/2304.14701v4,"arXiv, cs.DC",2023-04-28,https://www.twitter.com/unlock_VALue
Centralization in Block Building and Proposer-Builder Separation,"Maryam Bahrani, Pranav Garimidi, Tim Roughgarden",http://arxiv.org/pdf/2401.12120v1,"arXiv, cs.GT, cs.CR, cs.DC, econ.TH",2024-01-22,https://www.twitter.com/unlock_VALue
Motorway: Seamless high speed BFT,"Neil Giridharan, Florian Suri-Payer, Ittai Abraham, Lorenzo Alvisi, Natacha Crooks",http://arxiv.org/pdf/2401.10369v1,"arXiv, cs.DC",2024-01-18,https://www.twitter.com/unlock_VALue
Formal Contracts Mitigate Social Dilemmas in Multi-Agent RL,"Andreas A. Haupt, Phillip J. K. Christoffersen, Mehul Damani, Dylan Hadfield-Menell",http://arxiv.org/pdf/2208.10469v4,"arXiv, cs.AI, cs.GT, cs.MA, econ.TH",2022-08-22,https://www.twitter.com/unlock_VALue
Genuine DeFi as Critical Infrastructure: A Conceptual Framework for Combating Illicit Finance Activity in Decentralized Finance,"Rebecca Rettig, Michael Mosier, Katja Gilman",https://papers.ssrn.com/sol3/Delivery.cfm/SSRN_ID4607332_code6229438.pdf?abstractid=4607332&mirid=1,SSRN,2024-01-29,https://twitter.com/RebeccaRettig1/status/1751967709359665569
,,https://rdi.berkeley.edu/zkp-course/assets/lecture5-2023.pdf,Self-host,,
Real-time Risk Metrics for Programmatic Stablecoin Crypto Asset-Liability Management (CALM),"Marcel Bluhm, Adrian Cachinero Vasiljević, Sébastien Derivaux, Søren Terp Hørlück Jessen",http://arxiv.org/pdf/2401.13399v1,"arXiv, q-fin.RM, cs.CR, q-fin.GN",2024-01-24,https://twitter.com/SteakhouseFi/status/1750825001111216405
Do backrun auctions protect traders?,Andrew W. Macpherson,http://arxiv.org/pdf/2401.08302v1,"arXiv, q-fin.TR, cs.DC, cs.GT",2024-01-16,https://twitter.com/awmacp/status/1755165431394935087
,,https://github.com/OffchainLabs/bold/blob/main/docs/research-specs/BOLDChallengeProtocol.pdf,Self-host,,
Verifiable evaluations of machine learning models using zkSNARKs,"Tobin South, Alexander Camuto, Shrey Jain, Shayla Nguyen, Robert Mahari, Christian Paquin, Jason Morton, Alex 'Sandy' Pentland",http://arxiv.org/pdf/2402.02675v1,"arXiv, cs.LG, cs.AI, cs.CR, 68T01",2024-02-05,https://www.twitter.com/unlock_VALue
Front-running Attack in Sharded Blockchains and Fair Cross-shard Consensus,"Jianting Zhang, Wuhui Chen, Sifu Luo, Tiantian Gong, Zicong Hong, Aniket Kate",http://arxiv.org/pdf/2306.06299v2,"arXiv, cs.CR",2023-06-09,https://www.twitter.com/unlock_VALue
Mediated Multi-Agent Reinforcement Learning,"Dmitry Ivanov, Ilya Zisman, Kirill Chernyshev",http://arxiv.org/pdf/2306.08419v1,"arXiv, cs.MA, cs.GT, cs.LG",2023-06-14,
Cooperative AI via Decentralized Commitment Devices,"Xinyuan Sun, Davide Crapis, Matt Stephenson, Barnabé Monnot, Thomas Thiery, Jonathan Passerat-Palmbach",http://arxiv.org/pdf/2311.07815v1,"arXiv, cs.AI, cs.CR, cs.GT, cs.MA",2023-11-14,
,,https://github.com/FastLane-Labs/atlas_whitepaper/blob/main/Atlas_Whitepaper.pdf,Self-host,,
BabySpartan: Lasso-based SNARK for non-uniform computation,"Srinath Setty, Justin Thaler",https://eprint.iacr.org/2023/1799,iacr,2023-11-24,https://twitter.com/zkv_xyz/status/1757525415982174324
zk-Bench: A Toolset for Comparative Evaluation and Performance Benchmarking of SNARKs,"Jens Ernstberger, Stefanos Chaliasos, George Kadianakis, Sebastian Steinhorst, Philipp Jovanovic, Arthur Gervais, Benjamin Livshits, Michele Orrù",https://eprint.iacr.org/2023/1503,iacr,2023-10-03,https://twitter.com/zkv_xyz/status/1757525415982174324
,,https://angeris.github.io/papers/oco-fees.pdf,Self-host,,https://twitter.com/GuilleAngeris/status/1757463994674425882
,,https://apollocrypto.com/wp-content/uploads/2024/02/Modular-Blockchains-EigenLayer.pdf,Self-host,,
On Liquidity Mining for Uniswap v3,"Jimmy Yin, Mac Ren",http://arxiv.org/pdf/2108.05800v1,"arXiv, cs.AI",2021-08-12,https://risencrypto.github.io/
Strategic Liquidity Provision in Uniswap v3,"Zhou Fan, Francisco Marmolejo-Cossío, Daniel J. Moroz, Michael Neuder, Rithvik Rao, David C. Parkes",http://arxiv.org/pdf/2106.12033v4,"arXiv, cs.CR, cs.GT",2021-06-22,https://risencrypto.github.io/
Do not rug on me: Zero-dimensional Scam Detection,"Bruno Mazorra, Victor Adan, Vanesa Daza",http://arxiv.org/pdf/2201.07220v1,"arXiv, cs.CR, cs.LG, q-fin.ST",2022-01-16,https://risencrypto.github.io/
Trade or Trick? Detecting and Characterizing Scam Tokens on Uniswap Decentralized Exchange,"Pengcheng Xia, Haoyu wang, Bingyu Gao, Weihang Su, Zhou Yu, Xiapu Luo, Chao Zhang, Xusheng Xiao, Guoai Xu",http://arxiv.org/pdf/2109.00229v2,"arXiv, cs.CR",2021-09-01,https://risencrypto.github.io/
Impermanent Loss in Uniswap v3,"Stefan Loesch, Nate Hindman, Mark B Richardson, Nicholas Welch",http://arxiv.org/pdf/2111.09192v1,"arXiv, q-fin.TR, q-fin.PM",2021-11-17,https://risencrypto.github.io/
UNISWAP: Impermanent Loss and Risk Profile of a Liquidity Provider,"Andreas A. Aigner, Gurvinder Dhaliwal",http://arxiv.org/pdf/2106.14404v1,"arXiv, q-fin.TR, q-fin.CP, q-fin.GN, q-fin.PM, q-fin.RM, 62P20, 91B99, J.4",2021-06-28,https://risencrypto.github.io/
,,https://uniswap.org/whitepaper.pdf,Self-host,,https://risencrypto.github.io/
,,https://uniswap.org/whitepaper-v3.pdf,Self-host,,https://risencrypto.github.io/
,,https://atiselsts.github.io/pdfs/uniswap-v3-liquidity-math.pdf,Self-host,,https://risencrypto.github.io/
